listing_id,vin,make,model,year,price,mileage,dealer_id,city,state,listed_date
L0001,VIN00000000000001,BMW,Camry,2016,16727,102250,D001,Las Vegas,NV,2025-11-27
L0002,VIN00000000000002,Toyota,Camry,2021,49698,18231,D011,Las Vegas,NV,2025-10-06
L0003,VIN00000000000003,Ford,Civic,2016,17987,23764,D011,Las Vegas,NV,2025-06-24
L0004,VIN00000000000004,BMW,Civic,2016,44667,47401,D020,Las Vegas,NV,2025-09-28
L0005,VIN00000000000005,Toyota,Camry,2018,42627,109626,D025,Las Vegas,NV,2026-01-06
L0006,VIN00000000000006,Honda,Model 3,2024,54078,61220,D018,Las Vegas,NV,2025-07-26
L0007,VIN00000000000007,BMW,Camry,2017,29529,78157,D001,Las Vegas,NV,2025-05-01
L0008,VIN00000000000008,BMW,F-150,2019,24632,111841,D018,Las Vegas,NV,2025-06-30
L0009,VIN00000000000009,Honda,Civic,2017,50113,63105,D015,Las Vegas,NV,2025-04-17
L0010,VIN00000000000010,Tesla,Civic,2023,24087,50124,D002,Las Vegas,NV,2025-04-17
L0011,VIN00000000000011,Honda,Civic,2016,24494,53182,D001,Las Vegas,NV,2025-09-08
L0012,VIN00000000000012,Tesla,Camry,2016,50863,80387,D025,Las Vegas,NV,2025-04-18
L0013,VIN00000000000013,Toyota,Camry,2016,50446,93332,D014,Las Vegas,NV,2025-08-19
L0014,VIN00000000000014,Ford,330i,2024,21919,68805,D005,Las Vegas,NV,2025-03-22
L0015,VIN00000000000015,Honda,330i,2018,33156,52823,D011,Las Vegas,NV,2025-07-01
L0016,VIN00000000000016,Honda,Civic,2019,13496,115938,D024,Las Vegas,NV,2026-01-05
L0017,VIN00000000000017,BMW,Model 3,2022,27747,68324,D003,Las Vegas,NV,2025-12-31
L0018,VIN00000000000018,Honda,Camry,2016,19711,26014,D022,Las Vegas,NV,2026-01-05
L0019,VIN00000000000019,Ford,Civic,2017,13425,98631,D019,Las Vegas,NV,2025-09-25
L0020,VIN00000000000020,Honda,Camry,2020,30440,23755,D010,Las Vegas,NV,2025-04-09
L0021,VIN00000000000021,Toyota,Model 3,2023,20081,112333,D009,Las Vegas,NV,2025-07-13
L0022,VIN00000000000022,Ford,330i,2019,33403,73967,D019,Las Vegas,NV,2025-03-15
L0023,VIN00000000000023,BMW,Civic,2017,20903,43428,D004,Las Vegas,NV,2026-01-31
L0024,VIN00000000000024,Ford,Camry,2024,14406,50405,D001,Las Vegas,NV,2025-03-22
L0025,VIN00000000000025,Tesla,F-150,2017,54544,40219,D003,Las Vegas,NV,2025-12-06
L0026,VIN00000000000026,Toyota,F-150,2019,15085,95112,D019,Las Vegas,NV,2025-06-13
L0027,VIN00000000000027,BMW,Model 3,2023,28923,83315,D017,Las Vegas,NV,2025-08-03
L0028,VIN00000000000028,Honda,Model 3,2024,19638,30569,D001,Las Vegas,NV,2026-01-24
L0029,VIN00000000000029,BMW,Camry,2024,12107,119976,D013,Las Vegas,NV,2025-06-16
L0030,VIN00000000000030,Ford,F-150,2019,40735,22307,D022,Las Vegas,NV,2025-03-26
L0031,VIN00000000000031,Honda,Model 3,2018,37888,12038,D009,Las Vegas,NV,2025-11-24
L0032,VIN00000000000032,Toyota,Camry,2023,23722,118810,D018,Las Vegas,NV,2025-02-25
L0033,VIN00000000000033,Toyota,Civic,2023,44705,75047,D003,Las Vegas,NV,2025-10-13
L0034,VIN00000000000034,Honda,Model 3,2017,17482,72342,D001,Las Vegas,NV,2025-11-18
L0035,VIN00000000000035,Toyota,Model 3,2016,14283,92607,D009,Las Vegas,NV,2025-04-02
L0036,VIN00000000000036,BMW,330i,2019,28471,117932,D010,Las Vegas,NV,2025-08-17
L0037,VIN00000000000037,Toyota,Model 3,2023,29534,50509,D004,Las Vegas,NV,2025-02-03
L0038,VIN00000000000038,BMW,F-150,2021,33590,37974,D002,Las Vegas,NV,2025-03-07
L0039,VIN00000000000039,Tesla,Model 3,2017,28682,36472,D017,Las Vegas,NV,2025-05-28
L0040,VIN00000000000040,Toyota,Camry,2018,23849,97422,D010,Las Vegas,NV,2025-06-10
L0041,VIN00000000000041,Honda,330i,2022,43448,59145,D025,Las Vegas,NV,2025-04-05
L0042,VIN00000000000042,Tesla,Civic,2018,38039,71009,D018,Las Vegas,NV,2025-02-06
L0043,VIN00000000000043,Tesla,Civic,2018,32930,69510,D001,Las Vegas,NV,2025-02-07
L0044,VIN00000000000044,Tesla,Camry,2024,34350,96105,D008,Las Vegas,NV,2025-06-17
L0045,VIN00000000000045,Tesla,F-150,2017,48941,56465,D022,Las Vegas,NV,2025-12-03
L0046,VIN00000000000046,Toyota,330i,2016,43137,98854,D017,Las Vegas,NV,2025-09-30
L0047,VIN00000000000047,BMW,Model 3,2019,37018,43416,D018,Las Vegas,NV,2025-08-30
L0048,VIN00000000000048,Tesla,Model 3,2024,41979,33754,D014,Las Vegas,NV,2025-05-18
L0049,VIN00000000000049,Tesla,Model 3,2023,30285,86984,D020,Las Vegas,NV,2025-03-26
L0050,VIN00000000000050,Tesla,F-150,2019,23138,93399,D025,Las Vegas,NV,2025-12-31
L0051,VIN00000000000051,BMW,Civic,2018,24305,76487,D005,Las Vegas,NV,2025-07-03
L0052,VIN00000000000052,Toyota,Model 3,2024,14888,114579,D024,Las Vegas,NV,2025-03-31
L0053,VIN00000000000053,Honda,Camry,2024,21379,118841,D015,Las Vegas,NV,2025-09-14
L0054,VIN00000000000054,BMW,F-150,2021,21118,12742,D017,Las Vegas,NV,2026-01-12
L0055,VIN00000000000055,Ford,Model 3,2020,35928,49923,D021,Las Vegas,NV,2025-06-28
L0056,VIN00000000000056,Toyota,Camry,2018,27843,11994,D003,Las Vegas,NV,2025-11-07
L0057,VIN00000000000057,Toyota,F-150,2020,43185,108819,D019,Las Vegas,NV,2025-02-25
L0058,VIN00000000000058,BMW,Camry,2016,35943,95596,D023,Las Vegas,NV,2025-08-18
L0059,VIN00000000000059,Toyota,Camry,2023,31236,68575,D006,Las Vegas,NV,2025-06-22
L0060,VIN00000000000060,BMW,Model 3,2019,23695,44677,D019,Las Vegas,NV,2025-11-25
L0061,VIN00000000000061,BMW,Model 3,2023,25714,31212,D001,Las Vegas,NV,2025-03-07
L0062,VIN00000000000062,Toyota,Camry,2020,14991,104230,D019,Las Vegas,NV,2025-09-12
L0063,VIN00000000000063,Toyota,F-150,2021,22064,12607,D010,Las Vegas,NV,2025-06-20
L0064,VIN00000000000064,Tesla,Civic,2020,36916,43233,D003,Las Vegas,NV,2026-01-30
L0065,VIN00000000000065,Tesla,Model 3,2020,33813,67212,D023,Las Vegas,NV,2025-07-12
L0066,VIN00000000000066,Honda,Civic,2018,38133,89042,D003,Las Vegas,NV,2025-07-17
L0067,VIN00000000000067,BMW,Civic,2020,34207,86074,D019,Las Vegas,NV,2025-10-03
L0068,VIN00000000000068,Ford,Civic,2016,27612,27543,D012,Las Vegas,NV,2025-12-05
L0069,VIN00000000000069,Ford,Model 3,2022,15959,25411,D018,Las Vegas,NV,2025-04-26
L0070,VIN00000000000070,Tesla,F-150,2017,46594,113627,D010,Las Vegas,NV,2025-06-22
L0071,VIN00000000000071,Toyota,Camry,2019,29784,59145,D015,Las Vegas,NV,2025-07-04
L0072,VIN00000000000072,Ford,Model 3,2019,49232,115806,D009,Las Vegas,NV,2025-03-28
L0073,VIN00000000000073,Tesla,Model 3,2021,30556,11202,D022,Las Vegas,NV,2025-12-09
L0074,VIN00000000000074,Ford,330i,2021,41708,63454,D015,Las Vegas,NV,2025-10-29
L0075,VIN00000000000075,Honda,Civic,2016,47638,32160,D001,Las Vegas,NV,2025-06-07
L0076,VIN00000000000076,Toyota,330i,2024,22960,56096,D016,Las Vegas,NV,2025-08-13
L0077,VIN00000000000077,BMW,Civic,2024,17164,113149,D012,Las Vegas,NV,2025-12-05
L0078,VIN00000000000078,Honda,Camry,2024,39049,9405,D022,Las Vegas,NV,2025-03-05
L0079,VIN00000000000079,Tesla,Camry,2019,46887,62942,D002,Las Vegas,NV,2025-03-27
L0080,VIN00000000000080,Ford,330i,2017,15361,23118,D003,Las Vegas,NV,2025-05-04
L0081,VIN00000000000081,Honda,Camry,2017,50334,32342,D021,Las Vegas,NV,2025-07-01
L0082,VIN00000000000082,Ford,Model 3,2016,14595,103025,D011,Las Vegas,NV,2025-12-26
L0083,VIN00000000000083,BMW,Civic,2020,20054,78256,D022,Las Vegas,NV,2025-06-18
L0084,VIN00000000000084,Ford,Model 3,2016,34809,37640,D011,Las Vegas,NV,2025-07-25
L0085,VIN00000000000085,BMW,Camry,2023,13789,52900,D012,Las Vegas,NV,2025-07-05
L0086,VIN00000000000086,Toyota,Camry,2021,38984,68388,D005,Las Vegas,NV,2026-01-04
L0087,VIN00000000000087,BMW,Camry,2022,38577,105126,D003,Las Vegas,NV,2025-09-02
L0088,VIN00000000000088,Honda,Camry,2018,13478,18898,D015,Las Vegas,NV,2025-06-09
L0089,VIN00000000000089,BMW,Civic,2021,20952,10420,D002,Las Vegas,NV,2026-01-25
L0090,VIN00000000000090,Honda,Model 3,2016,23562,116442,D016,Las Vegas,NV,2025-03-31
L0091,VIN00000000000091,Ford,330i,2019,25195,40737,D001,Las Vegas,NV,2025-04-12
L0092,VIN00000000000092,BMW,Civic,2024,50380,43941,D009,Las Vegas,NV,2025-04-01
L0093,VIN00000000000093,BMW,330i,2024,48011,9616,D002,Las Vegas,NV,2025-03-15
L0094,VIN00000000000094,Toyota,330i,2018,13303,82987,D003,Las Vegas,NV,2025-07-23
L0095,VIN00000000000095,Ford,F-150,2023,31842,13722,D006,Las Vegas,NV,2025-10-04
L0096,VIN00000000000096,Tesla,Camry,2017,32715,39605,D021,Las Vegas,NV,2025-02-01
L0097,VIN00000000000097,Toyota,F-150,2019,17236,86417,D010,Las Vegas,NV,2025-09-09
L0098,VIN00000000000098,Tesla,F-150,2017,15222,50774,D023,Las Vegas,NV,2025-07-12
L0099,VIN00000000000099,Toyota,Model 3,2018,35913,38662,D010,Las Vegas,NV,2026-01-18
L0100,VIN00000000000100,Toyota,Camry,2018,49518,93532,D004,Las Vegas,NV,2025-02-03
L0101,VIN00000000000101,Ford,Camry,2023,39239,87259,D008,Las Vegas,NV,2025-02-23
L0102,VIN00000000000102,Ford,Civic,2024,44963,32228,D015,Las Vegas,NV,2025-10-01
L0103,VIN00000000000103,Honda,Camry,2016,33451,91529,D004,Las Vegas,NV,2026-01-18
L0104,VIN00000000000104,Tesla,Model 3,2018,52748,19889,D020,Las Vegas,NV,2025-09-15
L0105,VIN00000000000105,Ford,F-150,2022,52185,81948,D013,Las Vegas,NV,2025-12-12
L0106,VIN00000000000106,Toyota,Camry,2019,24158,37990,D005,Las Vegas,NV,2025-08-02
L0107,VIN00000000000107,Honda,Camry,2024,25692,32842,D013,Las Vegas,NV,2025-04-13
L0108,VIN00000000000108,BMW,Civic,2016,41760,105584,D016,Las Vegas,NV,2025-08-03
L0109,VIN00000000000109,BMW,F-150,2022,23744,27494,D022,Las Vegas,NV,2025-08-21
L0110,VIN00000000000110,Toyota,F-150,2016,40721,33178,D007,Las Vegas,NV,2025-07-09
L0111,VIN00000000000111,Tesla,F-150,2022,46585,42580,D002,Las Vegas,NV,2025-12-30
L0112,VIN00000000000112,Ford,F-150,2024,43647,104166,D019,Las Vegas,NV,2025-05-04
L0113,VIN00000000000113,Toyota,Camry,2022,47057,46602,D005,Las Vegas,NV,2025-11-05
L0114,VIN00000000000114,Tesla,Model 3,2018,45456,6541,D017,Las Vegas,NV,2025-09-28
L0115,VIN00000000000115,Tesla,Camry,2024,53522,101360,D011,Las Vegas,NV,2025-06-29
L0116,VIN00000000000116,BMW,F-150,2018,49007,115505,D003,Las Vegas,NV,2025-12-28
L0117,VIN00000000000117,Tesla,330i,2018,51205,53956,D003,Las Vegas,NV,2025-06-26
L0118,VIN00000000000118,Tesla,F-150,2023,39862,44310,D015,Las Vegas,NV,2025-10-29
L0119,VIN00000000000119,Ford,Model 3,2017,38096,112670,D009,Las Vegas,NV,2025-06-12
L0120,VIN00000000000120,BMW,330i,2016,50348,74377,D016,Las Vegas,NV,2025-05-26
L0121,VIN00000000000121,Honda,F-150,2017,23846,91864,D004,Las Vegas,NV,2025-05-20
L0122,VIN00000000000122,Toyota,Civic,2017,16822,53414,D005,Las Vegas,NV,2025-10-11
L0123,VIN00000000000123,Honda,Civic,2021,17973,27801,D011,Las Vegas,NV,2025-05-21
L0124,VIN00000000000124,Ford,Model 3,2020,41130,54747,D019,Las Vegas,NV,2025-02-09
L0125,VIN00000000000125,Ford,F-150,2016,45151,112803,D010,Las Vegas,NV,2025-05-30
L0126,VIN00000000000126,Ford,Model 3,2016,54617,68082,D013,Las Vegas,NV,2025-04-10
L0127,VIN00000000000127,Ford,Camry,2024,42210,33443,D006,Las Vegas,NV,2025-09-20
L0128,VIN00000000000128,Honda,Civic,2020,46829,7584,D011,Las Vegas,NV,2025-06-17
L0129,VIN00000000000129,Ford,330i,2018,19989,12305,D021,Las Vegas,NV,2025-08-15
L0130,VIN00000000000130,Toyota,Camry,2016,38422,105970,D011,Las Vegas,NV,2025-07-12
L0131,VIN00000000000131,BMW,F-150,2024,47318,8264,D006,Las Vegas,NV,2025-02-19
L0132,VIN00000000000132,BMW,Camry,2018,34729,87713,D011,Las Vegas,NV,2025-07-26
L0133,VIN00000000000133,BMW,Model 3,2023,28368,113284,D024,Las Vegas,NV,2025-02-18
L0134,VIN00000000000134,BMW,Civic,2018,14532,47104,D001,Las Vegas,NV,2025-04-01
L0135,VIN00000000000135,Honda,Camry,2017,47758,119593,D002,Las Vegas,NV,2025-05-05
L0136,VIN00000000000136,Honda,Camry,2017,52767,40105,D007,Las Vegas,NV,2025-05-09
L0137,VIN00000000000137,BMW,Model 3,2023,36096,63594,D003,Las Vegas,NV,2025-11-11
L0138,VIN00000000000138,Tesla,Camry,2021,21227,6940,D013,Las Vegas,NV,2025-11-27
L0139,VIN00000000000139,Toyota,Model 3,2018,49756,100236,D001,Las Vegas,NV,2025-03-17
L0140,VIN00000000000140,Ford,Camry,2017,34046,70252,D014,Las Vegas,NV,2025-02-23
L0141,VIN00000000000141,Tesla,Civic,2021,18145,37019,D010,Las Vegas,NV,2025-06-29
L0142,VIN00000000000142,Toyota,F-150,2019,45456,15488,D016,Las Vegas,NV,2025-05-01
L0143,VIN00000000000143,Tesla,F-150,2023,51080,96729,D016,Las Vegas,NV,2025-09-20
L0144,VIN00000000000144,Honda,F-150,2019,45686,111116,D012,Las Vegas,NV,2025-11-30
L0145,VIN00000000000145,Honda,Civic,2019,21168,24702,D005,Las Vegas,NV,2025-08-05
L0146,VIN00000000000146,BMW,F-150,2017,29150,20955,D005,Las Vegas,NV,2025-12-17
L0147,VIN00000000000147,Tesla,330i,2020,27028,18612,D002,Las Vegas,NV,2025-10-10
L0148,VIN00000000000148,Toyota,330i,2016,43966,48902,D010,Las Vegas,NV,2025-12-09
L0149,VIN00000000000149,Toyota,Model 3,2021,46354,53387,D001,Las Vegas,NV,2025-04-14
L0150,VIN00000000000150,Toyota,330i,2024,54329,84949,D011,Las Vegas,NV,2026-01-13
L0151,VIN00000000000151,Ford,Model 3,2017,28092,68788,D017,Las Vegas,NV,2025-07-03
L0152,VIN00000000000152,Tesla,Camry,2018,12746,93327,D009,Las Vegas,NV,2025-02-20
L0153,VIN00000000000153,BMW,Model 3,2016,25015,80539,D022,Las Vegas,NV,2025-03-26
L0154,VIN00000000000154,Ford,F-150,2016,38936,115177,D023,Las Vegas,NV,2025-12-23
L0155,VIN00000000000155,Ford,Model 3,2024,39605,79765,D022,Las Vegas,NV,2025-08-14
L0156,VIN00000000000156,Tesla,Model 3,2018,13069,104702,D022,Las Vegas,NV,2025-09-11
L0157,VIN00000000000157,Toyota,Civic,2019,50035,93116,D019,Las Vegas,NV,2026-01-28
L0158,VIN00000000000158,Ford,Model 3,2022,21676,67848,D024,Las Vegas,NV,2025-09-21
L0159,VIN00000000000159,BMW,Camry,2023,33870,10184,D022,Las Vegas,NV,2025-04-08
L0160,VIN00000000000160,Honda,F-150,2016,35931,73552,D014,Las Vegas,NV,2025-05-20
L0161,VIN00000000000161,BMW,330i,2024,32121,91175,D007,Las Vegas,NV,2025-09-09
L0162,VIN00000000000162,Honda,Civic,2021,33275,45098,D008,Las Vegas,NV,2025-10-20
L0163,VIN00000000000163,Ford,Civic,2021,36528,78440,D020,Las Vegas,NV,2025-08-19
L0164,VIN00000000000164,Honda,F-150,2021,18056,112866,D011,Las Vegas,NV,2025-04-12
L0165,VIN00000000000165,Honda,Camry,2018,38649,118360,D002,Las Vegas,NV,2025-06-20
L0166,VIN00000000000166,Ford,Camry,2018,28780,36934,D007,Las Vegas,NV,2025-10-14
L0167,VIN00000000000167,Honda,Civic,2024,37058,35177,D022,Las Vegas,NV,2025-04-07
L0168,VIN00000000000168,Toyota,Camry,2021,41827,84380,D005,Las Vegas,NV,2025-09-21
L0169,VIN00000000000169,Honda,330i,2017,22439,51474,D002,Las Vegas,NV,2025-11-08
L0170,VIN00000000000170,Ford,Civic,2024,48507,51304,D012,Las Vegas,NV,2025-11-14
L0171,VIN00000000000171,Toyota,Model 3,2021,52020,78711,D014,Las Vegas,NV,2025-05-10
L0172,VIN00000000000172,Tesla,Model 3,2018,35495,17829,D006,Las Vegas,NV,2025-11-18
L0173,VIN00000000000173,Tesla,F-150,2021,36965,113693,D024,Las Vegas,NV,2025-02-28
L0174,VIN00000000000174,Honda,Model 3,2023,27504,114526,D002,Las Vegas,NV,2025-10-23
L0175,VIN00000000000175,Toyota,F-150,2021,40616,10795,D011,Las Vegas,NV,2026-01-07
L0176,VIN00000000000176,Tesla,F-150,2018,38764,37669,D005,Las Vegas,NV,2026-01-22
L0177,VIN00000000000177,BMW,Civic,2022,34508,74253,D021,Las Vegas,NV,2025-10-28
L0178,VIN00000000000178,Honda,F-150,2016,43380,74896,D020,Las Vegas,NV,2025-08-05
L0179,VIN00000000000179,Toyota,Model 3,2023,53798,49642,D012,Las Vegas,NV,2025-04-05
L0180,VIN00000000000180,Ford,330i,2024,25873,83826,D014,Las Vegas,NV,2025-10-02
L0181,VIN00000000000181,Tesla,F-150,2022,19562,89267,D015,Las Vegas,NV,2025-03-05
L0182,VIN00000000000182,Honda,Civic,2020,54500,77362,D014,Las Vegas,NV,2025-12-30
L0183,VIN00000000000183,Tesla,F-150,2024,50162,63548,D015,Las Vegas,NV,2025-02-15
L0184,VIN00000000000184,BMW,Model 3,2023,28319,19458,D001,Las Vegas,NV,2025-07-12
L0185,VIN00000000000185,Ford,330i,2023,14015,96113,D011,Las Vegas,NV,2026-01-18
L0186,VIN00000000000186,Tesla,Camry,2021,52520,103356,D019,Las Vegas,NV,2025-12-27
L0187,VIN00000000000187,Ford,Model 3,2018,40551,105574,D022,Las Vegas,NV,2025-06-24
L0188,VIN00000000000188,Ford,Model 3,2016,46284,46480,D015,Las Vegas,NV,2025-10-14
L0189,VIN00000000000189,Honda,330i,2018,12815,42388,D002,Las Vegas,NV,2025-12-24
L0190,VIN00000000000190,Ford,Camry,2018,13682,57816,D003,Las Vegas,NV,2025-04-17
L0191,VIN00000000000191,Ford,Civic,2020,33042,37348,D016,Las Vegas,NV,2025-03-22
L0192,VIN00000000000192,BMW,Civic,2019,34107,41903,D009,Las Vegas,NV,2025-07-26
L0193,VIN00000000000193,Toyota,Model 3,2017,16917,66392,D007,Las Vegas,NV,2025-05-15
L0194,VIN00000000000194,Tesla,330i,2023,34935,56156,D022,Las Vegas,NV,2025-02-14
L0195,VIN00000000000195,Honda,F-150,2019,27938,97661,D002,Las Vegas,NV,2025-10-03
L0196,VIN00000000000196,Toyota,Civic,2018,41495,78337,D018,Las Vegas,NV,2025-11-05
L0197,VIN00000000000197,BMW,Model 3,2019,50742,6613,D022,Las Vegas,NV,2025-06-30
L0198,VIN00000000000198,Tesla,F-150,2022,32046,112417,D009,Las Vegas,NV,2025-02-12
L0199,VIN00000000000199,Tesla,Model 3,2021,32116,13499,D004,Las Vegas,NV,2025-05-08
L0200,VIN00000000000200,BMW,330i,2021,52970,47167,D009,Las Vegas,NV,2025-09-04
L0201,VIN00000000000201,Honda,Model 3,2020,29465,57916,D020,Las Vegas,NV,2025-08-07
L0202,VIN00000000000202,Toyota,F-150,2024,18104,88697,D012,Las Vegas,NV,2025-04-13
L0203,VIN00000000000203,Honda,Camry,2020,13785,106530,D014,Las Vegas,NV,2025-12-13
L0204,VIN00000000000204,Ford,330i,2022,35965,10781,D022,Las Vegas,NV,2026-01-11
L0205,VIN00000000000205,Tesla,Camry,2016,15194,30892,D023,Las Vegas,NV,2025-11-09
L0206,VIN00000000000206,BMW,Camry,2020,41104,118484,D022,Las Vegas,NV,2025-10-24
L0207,VIN00000000000207,BMW,F-150,2018,16645,108494,D008,Las Vegas,NV,2025-05-17
L0208,VIN00000000000208,Ford,Camry,2023,40762,18015,D006,Las Vegas,NV,2025-12-13
L0209,VIN00000000000209,Toyota,Civic,2023,53075,23207,D015,Las Vegas,NV,2025-02-15
L0210,VIN00000000000210,Toyota,330i,2018,26132,24881,D016,Las Vegas,NV,2025-05-31
L0211,VIN00000000000211,Ford,F-150,2022,53541,74903,D003,Las Vegas,NV,2025-07-12
L0212,VIN00000000000212,BMW,F-150,2021,22086,48296,D023,Las Vegas,NV,2025-11-01
L0213,VIN00000000000213,Honda,Model 3,2016,47392,53697,D018,Las Vegas,NV,2025-11-11
L0214,VIN00000000000214,BMW,F-150,2022,45734,22307,D012,Las Vegas,NV,2025-05-07
L0215,VIN00000000000215,Tesla,330i,2018,26352,37115,D023,Las Vegas,NV,2026-01-17
L0216,VIN00000000000216,BMW,330i,2019,34326,23280,D006,Las Vegas,NV,2025-11-14
L0217,VIN00000000000217,Honda,Camry,2023,18390,63256,D002,Las Vegas,NV,2025-04-14
L0218,VIN00000000000218,Tesla,Camry,2020,30445,87372,D002,Las Vegas,NV,2025-04-19
L0219,VIN00000000000219,Ford,Civic,2016,19272,69394,D023,Las Vegas,NV,2025-10-22
L0220,VIN00000000000220,Ford,F-150,2023,19224,72287,D007,Las Vegas,NV,2025-05-09
L0221,VIN00000000000221,BMW,Civic,2016,31368,59958,D023,Las Vegas,NV,2025-12-06
L0222,VIN00000000000222,BMW,Civic,2016,17212,57519,D002,Las Vegas,NV,2025-04-26
L0223,VIN00000000000223,BMW,Camry,2022,52495,94249,D017,Las Vegas,NV,2025-08-11
L0224,VIN00000000000224,Honda,Civic,2024,53677,101733,D012,Las Vegas,NV,2025-04-19
L0225,VIN00000000000225,Ford,Civic,2024,54387,12932,D019,Las Vegas,NV,2025-08-07
L0226,VIN00000000000226,Ford,Camry,2016,21556,25384,D017,Las Vegas,NV,2025-06-27
L0227,VIN00000000000227,Tesla,Camry,2016,26448,41666,D020,Las Vegas,NV,2025-04-26
L0228,VIN00000000000228,Tesla,Camry,2018,21994,57369,D015,Las Vegas,NV,2025-03-23
L0229,VIN00000000000229,Toyota,Model 3,2018,46535,48465,D003,Las Vegas,NV,2025-10-27
L0230,VIN00000000000230,Toyota,Model 3,2017,40586,46913,D009,Las Vegas,NV,2025-11-18
L0231,VIN00000000000231,Tesla,330i,2018,13902,95591,D004,Las Vegas,NV,2025-07-13
L0232,VIN00000000000232,Tesla,F-150,2019,20446,49142,D019,Las Vegas,NV,2025-10-11
L0233,VIN00000000000233,Tesla,F-150,2022,29786,103469,D020,Las Vegas,NV,2025-07-31
L0234,VIN00000000000234,BMW,Civic,2022,23777,5388,D008,Las Vegas,NV,2026-01-29
L0235,VIN00000000000235,Tesla,330i,2019,14499,71979,D005,Las Vegas,NV,2025-03-24
L0236,VIN00000000000236,Tesla,Civic,2021,36257,94680,D014,Las Vegas,NV,2025-12-22
L0237,VIN00000000000237,Tesla,330i,2021,27274,62766,D025,Las Vegas,NV,2025-02-09
L0238,VIN00000000000238,Honda,Camry,2020,33958,81961,D011,Las Vegas,NV,2025-11-26
L0239,VIN00000000000239,Tesla,F-150,2016,28177,65953,D011,Las Vegas,NV,2025-04-06
L0240,VIN00000000000240,Tesla,Civic,2021,48716,82584,D004,Las Vegas,NV,2025-09-26
L0241,VIN00000000000241,Ford,Camry,2016,42220,95184,D006,Las Vegas,NV,2025-07-29
L0242,VIN00000000000242,Ford,Model 3,2019,31625,16276,D020,Las Vegas,NV,2025-06-18
L0243,VIN00000000000243,Tesla,F-150,2016,41604,64452,D024,Las Vegas,NV,2025-06-17
L0244,VIN00000000000244,Ford,Camry,2019,39592,102592,D025,Las Vegas,NV,2025-10-10
L0245,VIN00000000000245,Ford,Camry,2024,49183,18017,D007,Las Vegas,NV,2025-04-14
L0246,VIN00000000000246,Ford,Civic,2017,37734,73365,D014,Las Vegas,NV,2025-02-03
L0247,VIN00000000000247,BMW,Model 3,2024,51903,97334,D017,Las Vegas,NV,2025-09-14
L0248,VIN00000000000248,Toyota,F-150,2022,52670,24547,D023,Las Vegas,NV,2025-06-09
L0249,VIN00000000000249,Ford,Civic,2021,28531,28701,D019,Las Vegas,NV,2025-08-13
L0250,VIN00000000000250,Ford,Civic,2024,45306,36196,D016,Las Vegas,NV,2025-02-26
L0251,VIN00000000000251,Tesla,F-150,2017,54524,21119,D025,Las Vegas,NV,2025-10-06
L0252,VIN00000000000252,BMW,Civic,2016,38703,15595,D015,Las Vegas,NV,2026-01-05
L0253,VIN00000000000253,BMW,330i,2024,23413,54725,D019,Las Vegas,NV,2026-01-30
L0254,VIN00000000000254,Tesla,Model 3,2022,51867,5783,D021,Las Vegas,NV,2025-03-04
L0255,VIN00000000000255,Honda,F-150,2020,43376,78066,D014,Las Vegas,NV,2025-05-17
L0256,VIN00000000000256,BMW,Civic,2020,16708,98650,D009,Las Vegas,NV,2025-03-05
L0257,VIN00000000000257,Toyota,Camry,2020,38125,87309,D019,Las Vegas,NV,2025-05-26
L0258,VIN00000000000258,Tesla,Civic,2022,52890,34729,D020,Las Vegas,NV,2025-02-26
L0259,VIN00000000000259,Ford,Camry,2018,34103,96009,D019,Las Vegas,NV,2025-09-08
L0260,VIN00000000000260,Tesla,330i,2016,14264,36660,D005,Las Vegas,NV,2025-08-25
L0261,VIN00000000000261,Toyota,F-150,2020,31459,85363,D016,Las Vegas,NV,2025-11-04
L0262,VIN00000000000262,Ford,F-150,2022,53780,119415,D004,Las Vegas,NV,2025-03-12
L0263,VIN00000000000263,BMW,F-150,2019,14856,69832,D006,Las Vegas,NV,2025-09-30
L0264,VIN00000000000264,Honda,330i,2018,53326,113711,D006,Las Vegas,NV,2026-01-10
L0265,VIN00000000000265,Ford,Model 3,2024,38077,119807,D004,Las Vegas,NV,2025-10-01
L0266,VIN00000000000266,BMW,Camry,2020,43424,66241,D007,Las Vegas,NV,2026-01-09
L0267,VIN00000000000267,Ford,Model 3,2021,15079,24451,D016,Las Vegas,NV,2025-12-08
L0268,VIN00000000000268,Honda,330i,2017,12381,109103,D017,Las Vegas,NV,2025-08-29
L0269,VIN00000000000269,BMW,Model 3,2017,26999,38712,D016,Las Vegas,NV,2025-12-24
L0270,VIN00000000000270,BMW,Model 3,2017,28104,18691,D003,Las Vegas,NV,2025-08-07
L0271,VIN00000000000271,Ford,Civic,2018,20872,117664,D009,Las Vegas,NV,2025-02-08
L0272,VIN00000000000272,Toyota,Civic,2021,23900,86663,D004,Las Vegas,NV,2025-08-16
L0273,VIN00000000000273,Ford,Civic,2021,19663,71665,D018,Las Vegas,NV,2025-12-09
L0274,VIN00000000000274,BMW,330i,2023,28913,67670,D001,Las Vegas,NV,2026-01-12
L0275,VIN00000000000275,BMW,330i,2016,35287,6878,D002,Las Vegas,NV,2025-11-22
L0276,VIN00000000000276,Tesla,Camry,2020,12813,44210,D017,Las Vegas,NV,2025-05-01
L0277,VIN00000000000277,BMW,330i,2018,12090,21322,D004,Las Vegas,NV,2025-07-31
L0278,VIN00000000000278,Honda,Civic,2020,16499,41675,D012,Las Vegas,NV,2025-12-04
L0279,VIN00000000000279,Honda,F-150,2020,34760,112908,D009,Las Vegas,NV,2025-03-16
L0280,VIN00000000000280,BMW,330i,2023,46716,5192,D017,Las Vegas,NV,2025-06-04
L0281,VIN00000000000281,Ford,Civic,2018,53722,22813,D003,Las Vegas,NV,2025-06-29
L0282,VIN00000000000282,Ford,F-150,2021,50648,23986,D004,Las Vegas,NV,2025-12-21
L0283,VIN00000000000283,BMW,F-150,2019,32968,81096,D017,Las Vegas,NV,2025-06-07
L0284,VIN00000000000284,BMW,Camry,2024,17661,29095,D004,Las Vegas,NV,2026-01-19
L0285,VIN00000000000285,Honda,Model 3,2021,20746,16283,D018,Las Vegas,NV,2025-06-07
L0286,VIN00000000000286,Toyota,Model 3,2018,50961,84045,D017,Las Vegas,NV,2025-07-08
L0287,VIN00000000000287,BMW,Camry,2022,49080,26696,D010,Las Vegas,NV,2025-06-18
L0288,VIN00000000000288,Ford,330i,2018,24486,39932,D019,Las Vegas,NV,2025-03-26
L0289,VIN00000000000289,Ford,Camry,2023,47298,77071,D004,Las Vegas,NV,2025-05-15
L0290,VIN00000000000290,BMW,Civic,2024,43810,82143,D018,Las Vegas,NV,2025-12-22
L0291,VIN00000000000291,Ford,330i,2017,23224,91122,D015,Las Vegas,NV,2025-04-27
L0292,VIN00000000000292,Ford,Civic,2023,49640,94972,D011,Las Vegas,NV,2025-06-08
L0293,VIN00000000000293,Ford,Model 3,2018,40001,70361,D006,Las Vegas,NV,2025-12-26
L0294,VIN00000000000294,Tesla,330i,2018,24308,116996,D014,Las Vegas,NV,2025-02-27
L0295,VIN00000000000295,Tesla,F-150,2024,33606,83747,D012,Las Vegas,NV,2025-08-12
L0296,VIN00000000000296,BMW,330i,2021,28906,14650,D007,Las Vegas,NV,2025-04-10
L0297,VIN00000000000297,Honda,F-150,2022,36372,86089,D002,Las Vegas,NV,2025-04-13
L0298,VIN00000000000298,Ford,Camry,2017,36630,110009,D007,Las Vegas,NV,2025-03-30
L0299,VIN00000000000299,Toyota,330i,2017,40465,88582,D003,Las Vegas,NV,2025-08-03
L0300,VIN00000000000300,Honda,Camry,2024,46839,14740,D018,Las Vegas,NV,2026-01-11
L0301,VIN00000000000301,Honda,F-150,2019,43657,17307,D022,Las Vegas,NV,2025-10-04
L0302,VIN00000000000302,BMW,F-150,2022,39341,114680,D010,Las Vegas,NV,2025-06-12
L0303,VIN00000000000303,Toyota,Model 3,2016,50954,115705,D019,Las Vegas,NV,2026-01-17
L0304,VIN00000000000304,Tesla,Camry,2016,12191,81451,D004,Las Vegas,NV,2025-05-07
L0305,VIN00000000000305,Tesla,Civic,2021,24548,9494,D013,Las Vegas,NV,2025-04-14
L0306,VIN00000000000306,Toyota,F-150,2022,33114,43275,D025,Las Vegas,NV,2025-10-16
L0307,VIN00000000000307,Toyota,330i,2022,43671,111525,D024,Las Vegas,NV,2025-07-29
L0308,VIN00000000000308,Honda,F-150,2019,38755,34881,D011,Las Vegas,NV,2025-10-02
L0309,VIN00000000000309,Tesla,F-150,2017,14894,17584,D005,Las Vegas,NV,2025-10-26
L0310,VIN00000000000310,Honda,Civic,2021,30907,57951,D025,Las Vegas,NV,2025-07-07
L0311,VIN00000000000311,Honda,F-150,2021,12012,66399,D017,Las Vegas,NV,2026-01-25
L0312,VIN00000000000312,Ford,330i,2018,15844,51266,D019,Las Vegas,NV,2025-05-16
L0313,VIN00000000000313,Ford,F-150,2023,50516,74132,D019,Las Vegas,NV,2025-03-04
L0314,VIN00000000000314,Ford,F-150,2023,14565,59418,D004,Las Vegas,NV,2025-08-30
L0315,VIN00000000000315,BMW,Model 3,2020,47129,7883,D013,Las Vegas,NV,2025-06-05
L0316,VIN00000000000316,Tesla,Civic,2018,32482,39899,D002,Las Vegas,NV,2025-02-16
L0317,VIN00000000000317,Toyota,F-150,2017,24568,57002,D024,Las Vegas,NV,2025-06-07
L0318,VIN00000000000318,Honda,330i,2019,28404,85866,D002,Las Vegas,NV,2025-09-08
L0319,VIN00000000000319,Toyota,Model 3,2016,32879,85417,D018,Las Vegas,NV,2025-07-13
L0320,VIN00000000000320,Ford,Civic,2017,24060,64280,D009,Las Vegas,NV,2026-01-31
L0321,VIN00000000000321,Tesla,Civic,2016,42319,72342,D017,Las Vegas,NV,2025-07-08
L0322,VIN00000000000322,BMW,F-150,2016,29613,76620,D024,Las Vegas,NV,2025-08-28
L0323,VIN00000000000323,Honda,F-150,2020,41406,56540,D004,Las Vegas,NV,2025-12-19
L0324,VIN00000000000324,Toyota,Civic,2019,47390,108140,D022,Las Vegas,NV,2025-09-19
L0325,VIN00000000000325,Honda,Camry,2018,22517,97431,D015,Las Vegas,NV,2025-03-13
L0326,VIN00000000000326,Honda,Model 3,2022,18184,79852,D011,Las Vegas,NV,2025-08-09
L0327,VIN00000000000327,Toyota,Model 3,2023,23218,82487,D013,Las Vegas,NV,2025-07-14
L0328,VIN00000000000328,Ford,Camry,2019,47383,105146,D023,Las Vegas,NV,2025-07-28
L0329,VIN00000000000329,Ford,Civic,2020,28259,51133,D004,Las Vegas,NV,2025-06-11
L0330,VIN00000000000330,Honda,Model 3,2018,41613,16873,D010,Las Vegas,NV,2025-04-14
L0331,VIN00000000000331,Tesla,Model 3,2024,33468,64751,D011,Las Vegas,NV,2025-03-26
L0332,VIN00000000000332,Tesla,330i,2024,53356,59822,D010,Las Vegas,NV,2025-08-21
L0333,VIN00000000000333,BMW,F-150,2024,40400,69230,D016,Las Vegas,NV,2025-03-11
L0334,VIN00000000000334,Ford,Camry,2023,31504,22547,D011,Las Vegas,NV,2025-05-26
L0335,VIN00000000000335,Honda,F-150,2020,31553,67539,D017,Las Vegas,NV,2026-01-17
L0336,VIN00000000000336,BMW,Model 3,2016,54118,70606,D010,Las Vegas,NV,2025-06-08
L0337,VIN00000000000337,Toyota,330i,2022,14318,91829,D002,Las Vegas,NV,2026-01-17
L0338,VIN00000000000338,Honda,F-150,2018,20002,40806,D012,Las Vegas,NV,2025-08-20
L0339,VIN00000000000339,Toyota,F-150,2020,34240,20387,D012,Las Vegas,NV,2025-08-16
L0340,VIN00000000000340,Ford,Model 3,2018,52837,68087,D009,Las Vegas,NV,2025-10-29
L0341,VIN00000000000341,Ford,330i,2021,25920,11638,D025,Las Vegas,NV,2025-10-21
L0342,VIN00000000000342,Ford,Civic,2018,36583,53255,D012,Las Vegas,NV,2025-04-24
L0343,VIN00000000000343,Toyota,Civic,2023,14187,73000,D024,Las Vegas,NV,2025-12-19
L0344,VIN00000000000344,Honda,Camry,2020,34529,15214,D016,Las Vegas,NV,2025-10-22
L0345,VIN00000000000345,Toyota,F-150,2021,32944,96784,D018,Las Vegas,NV,2025-02-09
L0346,VIN00000000000346,BMW,Model 3,2018,13765,29934,D018,Las Vegas,NV,2025-09-19
L0347,VIN00000000000347,Tesla,Civic,2018,40421,55418,D023,Las Vegas,NV,2025-09-01
L0348,VIN00000000000348,BMW,330i,2018,48218,110966,D002,Las Vegas,NV,2025-05-28
L0349,VIN00000000000349,BMW,Model 3,2019,25218,106484,D017,Las Vegas,NV,2025-02-24
L0350,VIN00000000000350,Honda,F-150,2021,54903,13291,D007,Las Vegas,NV,2025-11-15
L0351,VIN00000000000351,Toyota,Camry,2021,31159,60847,D016,Las Vegas,NV,2025-03-20
L0352,VIN00000000000352,Honda,Camry,2023,50580,96425,D021,Las Vegas,NV,2025-04-12
L0353,VIN00000000000353,Tesla,F-150,2020,52597,113888,D014,Las Vegas,NV,2025-03-02
L0354,VIN00000000000354,Honda,F-150,2020,21228,117047,D021,Las Vegas,NV,2025-02-06
L0355,VIN00000000000355,Ford,330i,2021,35537,48456,D009,Las Vegas,NV,2025-08-30
L0356,VIN00000000000356,Toyota,Model 3,2020,26599,75484,D004,Las Vegas,NV,2025-02-25
L0357,VIN00000000000357,Toyota,330i,2020,29953,112270,D013,Las Vegas,NV,2025-09-03
L0358,VIN00000000000358,BMW,Civic,2020,54790,74255,D024,Las Vegas,NV,2025-02-24
L0359,VIN00000000000359,Honda,F-150,2023,19924,48354,D015,Las Vegas,NV,2025-07-29
L0360,VIN00000000000360,Toyota,F-150,2016,12393,71247,D018,Las Vegas,NV,2025-12-22
L0361,VIN00000000000361,Toyota,Civic,2019,23529,93060,D016,Las Vegas,NV,2025-11-27
L0362,VIN00000000000362,Honda,330i,2019,45806,80531,D008,Las Vegas,NV,2025-11-15
L0363,VIN00000000000363,Tesla,Camry,2022,54854,91443,D009,Las Vegas,NV,2026-01-18
L0364,VIN00000000000364,Tesla,330i,2017,45365,72460,D013,Las Vegas,NV,2025-06-12
L0365,VIN00000000000365,Honda,F-150,2023,54195,92466,D020,Las Vegas,NV,2025-04-02
L0366,VIN00000000000366,Tesla,F-150,2017,18691,112014,D016,Las Vegas,NV,2025-06-10
L0367,VIN00000000000367,Toyota,330i,2017,37979,26293,D024,Las Vegas,NV,2025-03-13
L0368,VIN00000000000368,Honda,Model 3,2016,43081,45037,D023,Las Vegas,NV,2026-01-11
L0369,VIN00000000000369,BMW,F-150,2016,23593,105805,D021,Las Vegas,NV,2025-05-31
L0370,VIN00000000000370,BMW,Civic,2021,45168,73313,D006,Las Vegas,NV,2025-05-29
L0371,VIN00000000000371,Ford,Model 3,2022,13113,105643,D025,Las Vegas,NV,2025-04-16
L0372,VIN00000000000372,Toyota,Model 3,2020,51330,95434,D007,Las Vegas,NV,2025-05-04
L0373,VIN00000000000373,Tesla,Civic,2020,38261,27972,D008,Las Vegas,NV,2026-01-10
L0374,VIN00000000000374,Tesla,F-150,2022,25957,9034,D014,Las Vegas,NV,2025-08-08
L0375,VIN00000000000375,Tesla,F-150,2016,25358,44899,D013,Las Vegas,NV,2025-07-18
L0376,VIN00000000000376,Ford,F-150,2017,40324,70523,D012,Las Vegas,NV,2025-05-12
L0377,VIN00000000000377,Honda,330i,2020,25893,85893,D021,Las Vegas,NV,2025-07-27
L0378,VIN00000000000378,BMW,330i,2016,43045,97872,D004,Las Vegas,NV,2025-09-13
L0379,VIN00000000000379,Tesla,330i,2019,34024,72794,D004,Las Vegas,NV,2025-02-11
L0380,VIN00000000000380,Honda,Camry,2016,32714,101675,D001,Las Vegas,NV,2025-02-11
L0381,VIN00000000000381,Toyota,330i,2016,42941,10565,D020,Las Vegas,NV,2025-12-23
L0382,VIN00000000000382,BMW,F-150,2022,27407,27058,D007,Las Vegas,NV,2025-12-25
L0383,VIN00000000000383,BMW,Civic,2019,15707,86711,D020,Las Vegas,NV,2025-02-14
L0384,VIN00000000000384,BMW,Civic,2021,29276,101238,D007,Las Vegas,NV,2025-05-22
L0385,VIN00000000000385,Tesla,Model 3,2016,24159,68764,D023,Las Vegas,NV,2026-01-23
L0386,VIN00000000000386,BMW,Civic,2020,35785,71370,D006,Las Vegas,NV,2025-09-17
L0387,VIN00000000000387,BMW,F-150,2016,34448,99221,D011,Las Vegas,NV,2025-09-04
L0388,VIN00000000000388,Ford,Civic,2020,13207,97825,D003,Las Vegas,NV,2025-03-17
L0389,VIN00000000000389,Honda,Model 3,2016,45367,54862,D007,Las Vegas,NV,2025-02-16
L0390,VIN00000000000390,Honda,330i,2023,47866,67248,D023,Las Vegas,NV,2025-12-29
L0391,VIN00000000000391,Tesla,Model 3,2020,54485,25770,D004,Las Vegas,NV,2025-07-12
L0392,VIN00000000000392,Tesla,F-150,2019,16374,79785,D014,Las Vegas,NV,2026-01-25
L0393,VIN00000000000393,Toyota,F-150,2020,38576,111801,D010,Las Vegas,NV,2025-12-27
L0394,VIN00000000000394,Toyota,330i,2020,45796,21039,D002,Las Vegas,NV,2025-03-08
L0395,VIN00000000000395,Honda,Camry,2020,19912,107039,D025,Las Vegas,NV,2025-10-05
L0396,VIN00000000000396,Honda,Civic,2021,42468,110419,D004,Las Vegas,NV,2025-09-23
L0397,VIN00000000000397,BMW,330i,2022,20847,117038,D006,Las Vegas,NV,2025-09-09
L0398,VIN00000000000398,Honda,330i,2022,50733,25428,D005,Las Vegas,NV,2025-11-27
L0399,VIN00000000000399,Ford,F-150,2016,40085,20871,D018,Las Vegas,NV,2025-10-17
L0400,VIN00000000000400,BMW,Civic,2022,13288,87890,D019,Las Vegas,NV,2025-09-11
L0401,VIN00000000000401,BMW,Camry,2020,42940,108157,D020,Las Vegas,NV,2025-10-08
L0402,VIN00000000000402,Ford,330i,2018,28537,97464,D006,Las Vegas,NV,2025-10-03
L0403,VIN00000000000403,BMW,Model 3,2016,29697,93489,D004,Las Vegas,NV,2025-12-15
L0404,VIN00000000000404,Ford,330i,2020,33650,77564,D013,Las Vegas,NV,2025-06-06
L0405,VIN00000000000405,Toyota,Civic,2019,17378,71998,D023,Las Vegas,NV,2025-12-26
L0406,VIN00000000000406,Tesla,Model 3,2018,51817,52160,D004,Las Vegas,NV,2025-02-26
L0407,VIN00000000000407,Honda,330i,2021,18924,16192,D012,Las Vegas,NV,2025-03-20
L0408,VIN00000000000408,Honda,Model 3,2020,53379,112301,D006,Las Vegas,NV,2025-02-15
L0409,VIN00000000000409,Toyota,330i,2024,35381,44665,D010,Las Vegas,NV,2025-12-30
L0410,VIN00000000000410,Toyota,Civic,2016,31805,109496,D017,Las Vegas,NV,2025-12-08
L0411,VIN00000000000411,Honda,Camry,2019,12783,80945,D018,Las Vegas,NV,2025-09-12
L0412,VIN00000000000412,Ford,330i,2017,45542,91133,D017,Las Vegas,NV,2025-06-08
L0413,VIN00000000000413,Tesla,Model 3,2023,22267,108089,D003,Las Vegas,NV,2025-12-28
L0414,VIN00000000000414,BMW,Model 3,2017,38089,43256,D019,Las Vegas,NV,2025-08-26
L0415,VIN00000000000415,BMW,Model 3,2016,29900,119859,D018,Las Vegas,NV,2025-07-18
L0416,VIN00000000000416,Toyota,Civic,2022,27993,106799,D019,Las Vegas,NV,2026-01-02
L0417,VIN00000000000417,Toyota,Civic,2017,35896,32862,D009,Las Vegas,NV,2025-12-19
L0418,VIN00000000000418,BMW,Civic,2016,43305,84712,D002,Las Vegas,NV,2025-07-27
L0419,VIN00000000000419,Toyota,Civic,2017,38531,36116,D010,Las Vegas,NV,2025-10-18
L0420,VIN00000000000420,Ford,330i,2023,14360,18037,D010,Las Vegas,NV,2025-03-21
L0421,VIN00000000000421,BMW,330i,2024,42666,33155,D015,Las Vegas,NV,2025-10-04
L0422,VIN00000000000422,Honda,F-150,2017,52510,94490,D001,Las Vegas,NV,2025-04-05
L0423,VIN00000000000423,Honda,Camry,2023,14424,105095,D002,Las Vegas,NV,2025-08-12
L0424,VIN00000000000424,Ford,Civic,2023,44531,19989,D025,Las Vegas,NV,2025-11-30
L0425,VIN00000000000425,Tesla,Camry,2019,20731,21334,D007,Las Vegas,NV,2025-07-04
L0426,VIN00000000000426,Ford,330i,2016,34415,25876,D006,Las Vegas,NV,2025-12-22
L0427,VIN00000000000427,BMW,Model 3,2017,44857,52491,D007,Las Vegas,NV,2025-07-18
L0428,VIN00000000000428,Tesla,330i,2019,16983,60387,D014,Las Vegas,NV,2025-11-23
L0429,VIN00000000000429,Toyota,330i,2023,49789,91930,D017,Las Vegas,NV,2025-05-07
L0430,VIN00000000000430,BMW,Camry,2019,49891,37215,D019,Las Vegas,NV,2025-10-10
L0431,VIN00000000000431,Tesla,Civic,2024,22192,61715,D008,Las Vegas,NV,2025-10-26
L0432,VIN00000000000432,BMW,F-150,2020,14766,48412,D005,Las Vegas,NV,2025-07-18
L0433,VIN00000000000433,Tesla,330i,2016,48075,5547,D017,Las Vegas,NV,2025-12-27
L0434,VIN00000000000434,Toyota,330i,2023,53808,59743,D001,Las Vegas,NV,2025-06-05
L0435,VIN00000000000435,Ford,Civic,2021,46902,74976,D025,Las Vegas,NV,2025-05-01
L0436,VIN00000000000436,Honda,Model 3,2022,48064,58058,D002,Las Vegas,NV,2025-04-30
L0437,VIN00000000000437,Honda,Model 3,2020,33427,94465,D019,Las Vegas,NV,2025-04-01
L0438,VIN00000000000438,Ford,F-150,2024,34814,83047,D009,Las Vegas,NV,2025-08-07
L0439,VIN00000000000439,Toyota,Camry,2016,30620,10983,D009,Las Vegas,NV,2025-03-26
L0440,VIN00000000000440,BMW,Model 3,2016,51979,32882,D010,Las Vegas,NV,2025-12-03
L0441,VIN00000000000441,Toyota,330i,2018,43210,83480,D006,Las Vegas,NV,2026-01-05
L0442,VIN00000000000442,Tesla,Model 3,2024,31014,21650,D017,Las Vegas,NV,2025-09-05
L0443,VIN00000000000443,BMW,Model 3,2023,30959,76002,D006,Las Vegas,NV,2025-04-13
L0444,VIN00000000000444,Tesla,330i,2024,42332,16545,D024,Las Vegas,NV,2025-02-23
L0445,VIN00000000000445,Tesla,Camry,2017,36330,35748,D025,Las Vegas,NV,2025-05-27
L0446,VIN00000000000446,Ford,F-150,2016,54845,91260,D011,Las Vegas,NV,2025-04-04
L0447,VIN00000000000447,BMW,Model 3,2022,53983,21759,D005,Las Vegas,NV,2025-12-11
L0448,VIN00000000000448,Ford,Civic,2017,37641,105593,D022,Las Vegas,NV,2025-05-01
L0449,VIN00000000000449,BMW,Model 3,2019,35873,70033,D022,Las Vegas,NV,2025-06-15
L0450,VIN00000000000450,BMW,Model 3,2017,45402,113697,D001,Las Vegas,NV,2025-03-01
L0451,VIN00000000000451,Toyota,330i,2018,32158,12688,D017,Las Vegas,NV,2025-05-22
L0452,VIN00000000000452,Toyota,F-150,2020,28276,95268,D018,Las Vegas,NV,2025-06-06
L0453,VIN00000000000453,Honda,Camry,2019,24247,59861,D010,Las Vegas,NV,2025-12-27
L0454,VIN00000000000454,Ford,Civic,2016,31165,92402,D016,Las Vegas,NV,2025-08-20
L0455,VIN00000000000455,Toyota,330i,2022,25860,5499,D013,Las Vegas,NV,2025-07-26
L0456,VIN00000000000456,BMW,330i,2018,34716,18920,D013,Las Vegas,NV,2025-06-16
L0457,VIN00000000000457,BMW,Civic,2019,15802,58651,D017,Las Vegas,NV,2025-03-04
L0458,VIN00000000000458,BMW,Model 3,2021,46848,83262,D023,Las Vegas,NV,2025-03-01
L0459,VIN00000000000459,Honda,Camry,2024,33750,96159,D006,Las Vegas,NV,2025-08-28
L0460,VIN00000000000460,BMW,Camry,2017,15062,45068,D020,Las Vegas,NV,2025-06-19
L0461,VIN00000000000461,BMW,330i,2016,19369,35225,D020,Las Vegas,NV,2025-08-27
L0462,VIN00000000000462,Honda,330i,2021,14529,60484,D018,Las Vegas,NV,2025-04-16
L0463,VIN00000000000463,Ford,330i,2024,22449,103961,D024,Las Vegas,NV,2025-03-15
L0464,VIN00000000000464,BMW,Camry,2021,25773,16280,D025,Las Vegas,NV,2025-05-04
L0465,VIN00000000000465,Tesla,F-150,2016,17128,114000,D012,Las Vegas,NV,2025-11-02
L0466,VIN00000000000466,Toyota,330i,2020,52924,99507,D006,Las Vegas,NV,2025-05-01
L0467,VIN00000000000467,Tesla,Civic,2020,36464,89345,D006,Las Vegas,NV,2025-04-11
L0468,VIN00000000000468,Tesla,Civic,2024,37578,10289,D018,Las Vegas,NV,2025-04-24
L0469,VIN00000000000469,Tesla,F-150,2023,33952,28753,D003,Las Vegas,NV,2025-04-10
L0470,VIN00000000000470,Tesla,Model 3,2017,22827,41677,D025,Las Vegas,NV,2025-08-01
L0471,VIN00000000000471,Tesla,Civic,2019,32485,92727,D009,Las Vegas,NV,2025-11-28
L0472,VIN00000000000472,Toyota,Camry,2023,38081,61179,D017,Las Vegas,NV,2025-12-16
L0473,VIN00000000000473,Tesla,330i,2020,24251,76860,D025,Las Vegas,NV,2025-12-01
L0474,VIN00000000000474,Honda,Camry,2024,30819,90852,D015,Las Vegas,NV,2025-02-01
L0475,VIN00000000000475,Tesla,330i,2017,40166,94650,D016,Las Vegas,NV,2025-02-28
L0476,VIN00000000000476,Tesla,Camry,2020,32467,95109,D015,Las Vegas,NV,2025-08-29
L0477,VIN00000000000477,Ford,Civic,2020,28640,40808,D017,Las Vegas,NV,2025-06-21
L0478,VIN00000000000478,Ford,330i,2024,53351,86198,D015,Las Vegas,NV,2026-01-22
L0479,VIN00000000000479,BMW,Camry,2016,41481,103984,D025,Las Vegas,NV,2025-11-23
L0480,VIN00000000000480,Tesla,Model 3,2024,26161,62491,D006,Las Vegas,NV,2025-07-08
L0481,VIN00000000000481,Honda,Camry,2019,32659,54259,D021,Las Vegas,NV,2025-05-06
L0482,VIN00000000000482,Honda,Civic,2022,28777,38243,D012,Las Vegas,NV,2025-12-14
L0483,VIN00000000000483,BMW,330i,2023,16629,72033,D020,Las Vegas,NV,2025-08-08
L0484,VIN00000000000484,BMW,330i,2022,34469,30467,D014,Las Vegas,NV,2025-03-13
L0485,VIN00000000000485,Ford,330i,2024,31302,84584,D015,Las Vegas,NV,2025-02-02
L0486,VIN00000000000486,Toyota,330i,2020,36981,92786,D014,Las Vegas,NV,2025-12-21
L0487,VIN00000000000487,Ford,Model 3,2020,43644,21844,D022,Las Vegas,NV,2025-05-11
L0488,VIN00000000000488,Tesla,F-150,2024,23139,17654,D005,Las Vegas,NV,2025-05-12
L0489,VIN00000000000489,BMW,Camry,2018,38418,40841,D008,Las Vegas,NV,2025-10-15
L0490,VIN00000000000490,Honda,330i,2016,14925,107067,D002,Las Vegas,NV,2025-10-09
L0491,VIN00000000000491,Toyota,330i,2018,40556,98335,D024,Las Vegas,NV,2025-06-20
L0492,VIN00000000000492,Ford,330i,2024,45211,33828,D011,Las Vegas,NV,2025-04-14
L0493,VIN00000000000493,Tesla,Camry,2019,33405,31000,D007,Las Vegas,NV,2025-11-08
L0494,VIN00000000000494,Toyota,330i,2022,42948,11568,D008,Las Vegas,NV,2025-08-14
L0495,VIN00000000000495,BMW,Model 3,2020,50573,76571,D006,Las Vegas,NV,2025-02-06
L0496,VIN00000000000496,Tesla,F-150,2024,24466,47785,D012,Las Vegas,NV,2025-04-10
L0497,VIN00000000000497,Ford,Model 3,2024,37219,87906,D021,Las Vegas,NV,2025-02-03
L0498,VIN00000000000498,Toyota,330i,2019,32898,106095,D023,Las Vegas,NV,2025-06-21
L0499,VIN00000000000499,Honda,F-150,2023,50726,97688,D010,Las Vegas,NV,2025-03-29
L0500,VIN00000000000500,Ford,Model 3,2019,25821,26534,D011,Las Vegas,NV,2025-12-08
L0501,VIN00000000000501,BMW,F-150,2016,14461,30289,D013,Las Vegas,NV,2025-11-27
L0502,VIN00000000000502,Tesla,Civic,2022,36960,64350,D006,Las Vegas,NV,2025-09-27
L0503,VIN00000000000503,Toyota,330i,2021,25584,57287,D005,Las Vegas,NV,2025-12-12
L0504,VIN00000000000504,Ford,Camry,2017,18214,86242,D005,Las Vegas,NV,2025-12-28
L0505,VIN00000000000505,Toyota,Camry,2016,13737,38760,D010,Las Vegas,NV,2026-01-07
L0506,VIN00000000000506,Toyota,F-150,2024,48390,97023,D007,Las Vegas,NV,2025-04-22
L0507,VIN00000000000507,Ford,F-150,2023,39946,63076,D018,Las Vegas,NV,2025-09-29
L0508,VIN00000000000508,Toyota,F-150,2017,41252,105987,D006,Las Vegas,NV,2025-09-15
L0509,VIN00000000000509,Ford,Model 3,2019,32555,29216,D002,Las Vegas,NV,2025-05-07
L0510,VIN00000000000510,Toyota,F-150,2017,35279,59991,D021,Las Vegas,NV,2025-12-18
L0511,VIN00000000000511,Tesla,F-150,2016,51276,42270,D019,Las Vegas,NV,2025-04-29
L0512,VIN00000000000512,Toyota,Civic,2024,42162,69490,D021,Las Vegas,NV,2025-07-16
L0513,VIN00000000000513,Toyota,Model 3,2018,33406,73280,D003,Las Vegas,NV,2025-03-18
L0514,VIN00000000000514,Honda,Civic,2021,48166,113965,D012,Las Vegas,NV,2025-12-14
L0515,VIN00000000000515,Ford,F-150,2020,49596,29181,D025,Las Vegas,NV,2025-09-10
L0516,VIN00000000000516,Honda,330i,2020,27175,90210,D019,Las Vegas,NV,2025-10-27
L0517,VIN00000000000517,BMW,Civic,2024,32836,61015,D021,Las Vegas,NV,2025-11-27
L0518,VIN00000000000518,BMW,Civic,2024,14485,6139,D024,Las Vegas,NV,2025-04-25
L0519,VIN00000000000519,Tesla,F-150,2017,44939,32764,D002,Las Vegas,NV,2025-10-09
L0520,VIN00000000000520,BMW,F-150,2019,13595,30044,D009,Las Vegas,NV,2025-07-11
L0521,VIN00000000000521,Ford,330i,2019,17526,29228,D004,Las Vegas,NV,2025-12-23
L0522,VIN00000000000522,Honda,F-150,2023,27204,13997,D006,Las Vegas,NV,2025-07-18
L0523,VIN00000000000523,BMW,330i,2017,40710,102316,D001,Las Vegas,NV,2025-09-21
L0524,VIN00000000000524,BMW,F-150,2024,33840,24481,D021,Las Vegas,NV,2025-07-03
L0525,VIN00000000000525,Honda,Model 3,2024,26267,100717,D004,Las Vegas,NV,2025-11-08
L0526,VIN00000000000526,BMW,Civic,2024,47126,23232,D011,Las Vegas,NV,2025-05-17
L0527,VIN00000000000527,Tesla,Model 3,2024,54407,75545,D006,Las Vegas,NV,2025-07-09
L0528,VIN00000000000528,Ford,Model 3,2019,16286,97958,D011,Las Vegas,NV,2025-11-07
L0529,VIN00000000000529,Toyota,Model 3,2017,25339,69169,D020,Las Vegas,NV,2026-01-26
L0530,VIN00000000000530,Ford,Model 3,2020,34620,83900,D014,Las Vegas,NV,2025-12-28
L0531,VIN00000000000531,Toyota,F-150,2021,12887,56620,D019,Las Vegas,NV,2025-11-13
L0532,VIN00000000000532,Tesla,330i,2024,18712,37887,D022,Las Vegas,NV,2025-11-28
L0533,VIN00000000000533,BMW,Civic,2018,35575,106139,D025,Las Vegas,NV,2025-05-22
L0534,VIN00000000000534,Toyota,Civic,2020,39039,76865,D021,Las Vegas,NV,2025-12-04
L0535,VIN00000000000535,Honda,330i,2023,44887,35538,D025,Las Vegas,NV,2025-11-05
L0536,VIN00000000000536,Ford,330i,2016,51289,102913,D011,Las Vegas,NV,2025-10-21
L0537,VIN00000000000537,Tesla,Model 3,2021,51854,65414,D006,Las Vegas,NV,2025-11-13
L0538,VIN00000000000538,Toyota,F-150,2020,31290,53975,D014,Las Vegas,NV,2025-05-26
L0539,VIN00000000000539,Tesla,Civic,2018,54861,46465,D002,Las Vegas,NV,2025-02-26
L0540,VIN00000000000540,Tesla,Civic,2019,32999,67362,D008,Las Vegas,NV,2025-07-30
L0541,VIN00000000000541,Ford,Model 3,2023,15121,92271,D003,Las Vegas,NV,2025-06-17
L0542,VIN00000000000542,Tesla,Model 3,2022,52164,20013,D018,Las Vegas,NV,2025-07-03
L0543,VIN00000000000543,Ford,Camry,2021,46955,12051,D020,Las Vegas,NV,2025-07-13
L0544,VIN00000000000544,Ford,330i,2020,34344,37184,D024,Las Vegas,NV,2026-01-07
L0545,VIN00000000000545,BMW,Model 3,2021,53890,114753,D021,Las Vegas,NV,2025-04-18
L0546,VIN00000000000546,Toyota,330i,2024,18793,58409,D011,Las Vegas,NV,2025-05-22
L0547,VIN00000000000547,Ford,330i,2016,27872,62159,D021,Las Vegas,NV,2025-06-09
L0548,VIN00000000000548,Toyota,Camry,2017,43793,66033,D017,Las Vegas,NV,2025-02-01
L0549,VIN00000000000549,Toyota,F-150,2024,41486,45448,D022,Las Vegas,NV,2025-02-05
L0550,VIN00000000000550,Toyota,F-150,2017,48565,50123,D002,Las Vegas,NV,2025-03-15
L0551,VIN00000000000551,Ford,Model 3,2021,35443,93719,D013,Las Vegas,NV,2025-04-02
L0552,VIN00000000000552,Ford,Model 3,2021,17711,92218,D021,Las Vegas,NV,2026-01-07
L0553,VIN00000000000553,Honda,Camry,2024,23787,61651,D023,Las Vegas,NV,2025-02-19
L0554,VIN00000000000554,Ford,F-150,2023,53635,66981,D014,Las Vegas,NV,2026-01-22
L0555,VIN00000000000555,BMW,F-150,2020,33848,79764,D021,Las Vegas,NV,2025-09-04
L0556,VIN00000000000556,Toyota,Camry,2017,44542,90871,D023,Las Vegas,NV,2025-05-20
L0557,VIN00000000000557,Honda,Model 3,2020,23384,53161,D019,Las Vegas,NV,2025-09-12
L0558,VIN00000000000558,Honda,Civic,2022,16324,88051,D008,Las Vegas,NV,2025-04-13
L0559,VIN00000000000559,Toyota,Camry,2019,54272,6753,D013,Las Vegas,NV,2025-07-03
L0560,VIN00000000000560,Honda,330i,2017,14419,21668,D018,Las Vegas,NV,2025-06-19
L0561,VIN00000000000561,Toyota,Civic,2023,36923,77896,D016,Las Vegas,NV,2025-09-29
L0562,VIN00000000000562,Tesla,Camry,2018,26109,86508,D004,Las Vegas,NV,2025-10-10
L0563,VIN00000000000563,Tesla,330i,2021,28674,113659,D012,Las Vegas,NV,2025-04-30
L0564,VIN00000000000564,Tesla,Model 3,2017,47098,46951,D022,Las Vegas,NV,2025-04-02
L0565,VIN00000000000565,BMW,Model 3,2020,29626,21544,D012,Las Vegas,NV,2025-12-28
L0566,VIN00000000000566,Toyota,Civic,2017,29334,37542,D014,Las Vegas,NV,2025-08-07
L0567,VIN00000000000567,Toyota,330i,2019,36940,47445,D016,Las Vegas,NV,2025-10-03
L0568,VIN00000000000568,Tesla,330i,2021,44795,10542,D024,Las Vegas,NV,2025-12-22
L0569,VIN00000000000569,BMW,330i,2021,51619,104385,D011,Las Vegas,NV,2025-08-22
L0570,VIN00000000000570,BMW,F-150,2024,16668,33316,D005,Las Vegas,NV,2025-03-29
L0571,VIN00000000000571,Tesla,330i,2021,34035,53946,D024,Las Vegas,NV,2025-02-02
L0572,VIN00000000000572,Ford,Camry,2023,30484,33921,D022,Las Vegas,NV,2025-12-03
L0573,VIN00000000000573,Honda,F-150,2019,22486,7456,D005,Las Vegas,NV,2025-11-28
L0574,VIN00000000000574,Toyota,Camry,2024,12617,23365,D023,Las Vegas,NV,2025-04-28
L0575,VIN00000000000575,Tesla,Civic,2021,46025,8590,D020,Las Vegas,NV,2025-05-12
L0576,VIN00000000000576,Ford,330i,2017,22735,82293,D011,Las Vegas,NV,2025-10-20
L0577,VIN00000000000577,Toyota,Civic,2024,23854,64770,D005,Las Vegas,NV,2025-02-27
L0578,VIN00000000000578,BMW,F-150,2021,42979,73557,D022,Las Vegas,NV,2025-07-02
L0579,VIN00000000000579,Tesla,330i,2016,24231,59573,D012,Las Vegas,NV,2025-04-04
L0580,VIN00000000000580,BMW,Model 3,2016,38645,95651,D013,Las Vegas,NV,2025-07-13
L0581,VIN00000000000581,BMW,F-150,2024,26091,72564,D017,Las Vegas,NV,2025-04-06
L0582,VIN00000000000582,Ford,F-150,2023,31438,81340,D002,Las Vegas,NV,2025-11-26
L0583,VIN00000000000583,BMW,Civic,2019,19293,52260,D009,Las Vegas,NV,2025-07-30
L0584,VIN00000000000584,Honda,F-150,2017,53688,82808,D006,Las Vegas,NV,2025-06-15
L0585,VIN00000000000585,Honda,Civic,2016,34060,95061,D013,Las Vegas,NV,2025-02-03
L0586,VIN00000000000586,Ford,Model 3,2020,31711,107383,D001,Las Vegas,NV,2025-12-10
L0587,VIN00000000000587,Honda,330i,2019,42729,7921,D005,Las Vegas,NV,2025-12-04
L0588,VIN00000000000588,Toyota,Model 3,2016,31901,67526,D021,Las Vegas,NV,2025-10-25
L0589,VIN00000000000589,Honda,Model 3,2019,39237,35945,D007,Las Vegas,NV,2025-03-12
L0590,VIN00000000000590,Toyota,Civic,2024,28900,32765,D020,Las Vegas,NV,2025-04-07
L0591,VIN00000000000591,Ford,330i,2023,19722,26615,D005,Las Vegas,NV,2025-10-24
L0592,VIN00000000000592,Tesla,Model 3,2019,43739,31454,D007,Las Vegas,NV,2025-05-02
L0593,VIN00000000000593,Tesla,F-150,2021,28842,13883,D024,Las Vegas,NV,2025-06-08
L0594,VIN00000000000594,Tesla,Model 3,2020,37954,43791,D024,Las Vegas,NV,2025-07-01
L0595,VIN00000000000595,Ford,F-150,2017,36339,12864,D016,Las Vegas,NV,2026-01-02
L0596,VIN00000000000596,Ford,F-150,2018,47528,58434,D017,Las Vegas,NV,2025-05-01
L0597,VIN00000000000597,BMW,Camry,2018,53971,33690,D016,Las Vegas,NV,2026-01-11
L0598,VIN00000000000598,Toyota,F-150,2019,45167,71276,D008,Las Vegas,NV,2025-12-12
L0599,VIN00000000000599,Toyota,Model 3,2016,12964,78260,D004,Las Vegas,NV,2025-12-09
L0600,VIN00000000000600,Ford,Camry,2020,26101,15505,D012,Las Vegas,NV,2025-10-29
L0601,VIN00000000000601,BMW,Camry,2021,53203,103800,D005,Las Vegas,NV,2025-02-24
L0602,VIN00000000000602,Honda,330i,2017,45349,61398,D006,Las Vegas,NV,2025-10-14
L0603,VIN00000000000603,Tesla,330i,2016,37282,24428,D004,Las Vegas,NV,2025-02-11
L0604,VIN00000000000604,Ford,330i,2017,29991,66687,D021,Las Vegas,NV,2025-11-02
L0605,VIN00000000000605,Tesla,Model 3,2021,23610,20043,D019,Las Vegas,NV,2025-05-18
L0606,VIN00000000000606,BMW,330i,2020,54460,43905,D003,Las Vegas,NV,2025-06-22
L0607,VIN00000000000607,Tesla,Civic,2016,32936,72855,D010,Las Vegas,NV,2025-02-01
L0608,VIN00000000000608,Toyota,Camry,2016,41562,104708,D006,Las Vegas,NV,2026-01-31
L0609,VIN00000000000609,Toyota,Camry,2023,50652,78688,D017,Las Vegas,NV,2025-06-04
L0610,VIN00000000000610,Ford,Model 3,2024,22446,14331,D008,Las Vegas,NV,2025-04-12
L0611,VIN00000000000611,BMW,Model 3,2018,34111,74694,D023,Las Vegas,NV,2025-09-30
L0612,VIN00000000000612,Ford,Camry,2020,50656,100344,D018,Las Vegas,NV,2025-10-05
L0613,VIN00000000000613,Tesla,330i,2019,45309,25601,D007,Las Vegas,NV,2026-01-25
L0614,VIN00000000000614,BMW,F-150,2022,20603,79458,D012,Las Vegas,NV,2025-03-29
L0615,VIN00000000000615,BMW,330i,2024,35978,88280,D021,Las Vegas,NV,2025-04-22
L0616,VIN00000000000616,Tesla,Model 3,2024,12747,114692,D014,Las Vegas,NV,2025-06-14
L0617,VIN00000000000617,Honda,Civic,2020,35125,42406,D012,Las Vegas,NV,2025-06-28
L0618,VIN00000000000618,Ford,330i,2021,48017,48401,D019,Las Vegas,NV,2025-05-01
L0619,VIN00000000000619,Honda,F-150,2020,39127,107487,D024,Las Vegas,NV,2025-10-16
L0620,VIN00000000000620,Honda,Camry,2022,41284,30447,D021,Las Vegas,NV,2025-03-09
L0621,VIN00000000000621,BMW,330i,2016,12917,114091,D003,Las Vegas,NV,2026-01-03
L0622,VIN00000000000622,Tesla,Civic,2020,19904,17947,D016,Las Vegas,NV,2025-06-23
L0623,VIN00000000000623,Honda,Civic,2022,43154,102065,D010,Las Vegas,NV,2025-07-05
L0624,VIN00000000000624,Honda,F-150,2020,50831,34196,D008,Las Vegas,NV,2025-03-28
L0625,VIN00000000000625,Ford,330i,2016,14134,55706,D006,Las Vegas,NV,2025-05-01
L0626,VIN00000000000626,Ford,330i,2022,14881,91596,D001,Las Vegas,NV,2025-07-04
L0627,VIN00000000000627,Honda,Camry,2022,42890,53680,D001,Las Vegas,NV,2025-05-16
L0628,VIN00000000000628,Toyota,Civic,2019,39102,101958,D013,Las Vegas,NV,2025-08-14
L0629,VIN00000000000629,Honda,330i,2016,22452,46883,D020,Las Vegas,NV,2025-03-07
L0630,VIN00000000000630,Honda,F-150,2024,46058,86829,D001,Las Vegas,NV,2025-02-07
L0631,VIN00000000000631,BMW,F-150,2017,13507,47570,D008,Las Vegas,NV,2026-01-16
L0632,VIN00000000000632,Tesla,330i,2023,38047,100010,D009,Las Vegas,NV,2025-04-23
L0633,VIN00000000000633,Honda,Civic,2022,14968,20863,D023,Las Vegas,NV,2025-02-16
L0634,VIN00000000000634,Tesla,Camry,2018,15621,70616,D022,Las Vegas,NV,2025-02-10
L0635,VIN00000000000635,Ford,Civic,2016,49850,56305,D021,Las Vegas,NV,2025-02-06
L0636,VIN00000000000636,Tesla,Model 3,2021,29230,98473,D001,Las Vegas,NV,2025-10-01
L0637,VIN00000000000637,Ford,Civic,2019,36647,51373,D024,Las Vegas,NV,2025-05-24
L0638,VIN00000000000638,Honda,Model 3,2019,38265,12771,D013,Las Vegas,NV,2025-09-14
L0639,VIN00000000000639,BMW,F-150,2022,41526,12465,D013,Las Vegas,NV,2025-08-12
L0640,VIN00000000000640,Ford,Camry,2019,33829,30678,D005,Las Vegas,NV,2026-01-15
L0641,VIN00000000000641,Tesla,Civic,2024,47542,52510,D013,Las Vegas,NV,2025-07-17
L0642,VIN00000000000642,Honda,Camry,2023,22916,113704,D016,Las Vegas,NV,2025-12-09
L0643,VIN00000000000643,BMW,330i,2020,35958,30843,D023,Las Vegas,NV,2025-11-15
L0644,VIN00000000000644,Honda,330i,2019,37691,11384,D024,Las Vegas,NV,2025-03-15
L0645,VIN00000000000645,Toyota,F-150,2018,24354,118368,D020,Las Vegas,NV,2025-10-31
L0646,VIN00000000000646,Honda,330i,2016,26193,31175,D019,Las Vegas,NV,2025-02-10
L0647,VIN00000000000647,BMW,Model 3,2016,30574,76477,D017,Las Vegas,NV,2025-11-05
L0648,VIN00000000000648,Honda,F-150,2019,44119,30537,D022,Las Vegas,NV,2026-01-18
L0649,VIN00000000000649,Ford,F-150,2023,28907,109134,D016,Las Vegas,NV,2026-01-18
L0650,VIN00000000000650,Tesla,Civic,2017,39363,7289,D001,Las Vegas,NV,2025-11-25
L0651,VIN00000000000651,Honda,F-150,2021,29604,61746,D017,Las Vegas,NV,2025-10-01
L0652,VIN00000000000652,BMW,330i,2016,13327,57338,D003,Las Vegas,NV,2025-04-24
L0653,VIN00000000000653,Ford,Model 3,2024,37663,117468,D015,Las Vegas,NV,2025-06-01
L0654,VIN00000000000654,Toyota,Civic,2023,45362,50081,D024,Las Vegas,NV,2025-09-01
L0655,VIN00000000000655,BMW,Model 3,2016,44664,98239,D021,Las Vegas,NV,2025-10-18
L0656,VIN00000000000656,Ford,Model 3,2018,54916,112144,D010,Las Vegas,NV,2025-07-05
L0657,VIN00000000000657,Honda,F-150,2017,28022,6398,D017,Las Vegas,NV,2025-03-27
L0658,VIN00000000000658,Tesla,F-150,2023,36490,20867,D025,Las Vegas,NV,2025-11-01
L0659,VIN00000000000659,Tesla,Camry,2024,36398,107535,D012,Las Vegas,NV,2025-08-01
L0660,VIN00000000000660,BMW,330i,2021,25172,119275,D005,Las Vegas,NV,2025-05-03
L0661,VIN00000000000661,Ford,Camry,2019,43214,17162,D009,Las Vegas,NV,2025-10-08
L0662,VIN00000000000662,Ford,330i,2024,53243,20269,D002,Las Vegas,NV,2025-12-29
L0663,VIN00000000000663,Toyota,Camry,2023,50310,78506,D014,Las Vegas,NV,2025-05-02
L0664,VIN00000000000664,Honda,F-150,2021,22232,96818,D013,Las Vegas,NV,2025-08-15
L0665,VIN00000000000665,Ford,Model 3,2017,54377,112552,D014,Las Vegas,NV,2025-08-17
L0666,VIN00000000000666,BMW,F-150,2020,27878,58022,D014,Las Vegas,NV,2025-04-30
L0667,VIN00000000000667,BMW,Model 3,2021,41562,58902,D011,Las Vegas,NV,2025-05-03
L0668,VIN00000000000668,BMW,F-150,2016,32956,61663,D001,Las Vegas,NV,2025-11-15
L0669,VIN00000000000669,Toyota,F-150,2020,36311,60517,D021,Las Vegas,NV,2025-12-23
L0670,VIN00000000000670,Honda,Model 3,2017,17928,9680,D011,Las Vegas,NV,2025-04-01
L0671,VIN00000000000671,BMW,Civic,2024,25342,8713,D019,Las Vegas,NV,2025-03-19
L0672,VIN00000000000672,Honda,330i,2021,39521,38687,D012,Las Vegas,NV,2025-08-20
L0673,VIN00000000000673,Honda,Camry,2020,35077,27398,D009,Las Vegas,NV,2025-10-11
L0674,VIN00000000000674,BMW,Model 3,2019,53308,18292,D008,Las Vegas,NV,2025-10-23
L0675,VIN00000000000675,Toyota,Civic,2016,28861,68726,D013,Las Vegas,NV,2025-05-02
L0676,VIN00000000000676,Toyota,Model 3,2019,13259,13667,D016,Las Vegas,NV,2025-02-16
L0677,VIN00000000000677,BMW,Model 3,2023,42307,45870,D019,Las Vegas,NV,2025-09-22
L0678,VIN00000000000678,Ford,330i,2023,35232,78958,D020,Las Vegas,NV,2026-01-14
L0679,VIN00000000000679,Tesla,330i,2023,44923,39826,D025,Las Vegas,NV,2025-08-31
L0680,VIN00000000000680,Tesla,Camry,2023,12730,114981,D011,Las Vegas,NV,2025-06-21
L0681,VIN00000000000681,Honda,Civic,2021,21751,6041,D013,Las Vegas,NV,2025-06-02
L0682,VIN00000000000682,Ford,330i,2016,46139,28916,D023,Las Vegas,NV,2025-08-29
L0683,VIN00000000000683,Toyota,Model 3,2023,40896,6536,D023,Las Vegas,NV,2025-11-05
L0684,VIN00000000000684,BMW,Model 3,2018,39035,80648,D014,Las Vegas,NV,2025-10-25
L0685,VIN00000000000685,Ford,Civic,2022,40758,112298,D011,Las Vegas,NV,2025-02-10
L0686,VIN00000000000686,Ford,Civic,2021,49338,100651,D006,Las Vegas,NV,2025-11-08
L0687,VIN00000000000687,BMW,330i,2021,12719,102701,D013,Las Vegas,NV,2025-04-02
L0688,VIN00000000000688,Ford,Model 3,2018,43697,102019,D025,Las Vegas,NV,2025-10-15
L0689,VIN00000000000689,BMW,330i,2017,38637,110570,D006,Las Vegas,NV,2025-04-27
L0690,VIN00000000000690,BMW,Camry,2019,39614,21191,D001,Las Vegas,NV,2025-10-13
L0691,VIN00000000000691,Ford,Civic,2021,16832,49997,D018,Las Vegas,NV,2025-09-05
L0692,VIN00000000000692,BMW,330i,2022,23824,36069,D017,Las Vegas,NV,2025-05-29
L0693,VIN00000000000693,Ford,Model 3,2023,15283,68738,D007,Las Vegas,NV,2025-07-12
L0694,VIN00000000000694,Toyota,Model 3,2016,12124,102261,D016,Las Vegas,NV,2025-06-08
L0695,VIN00000000000695,Tesla,Camry,2018,54796,18861,D024,Las Vegas,NV,2025-03-07
L0696,VIN00000000000696,Toyota,F-150,2021,15417,104906,D024,Las Vegas,NV,2025-03-18
L0697,VIN00000000000697,Ford,330i,2023,24384,79383,D019,Las Vegas,NV,2025-07-12
L0698,VIN00000000000698,BMW,Model 3,2024,13983,16441,D023,Las Vegas,NV,2025-08-09
L0699,VIN00000000000699,Ford,330i,2018,53713,93300,D012,Las Vegas,NV,2025-03-27
L0700,VIN00000000000700,Honda,F-150,2023,52946,110947,D002,Las Vegas,NV,2025-04-15
L0701,VIN00000000000701,BMW,Model 3,2016,36275,15776,D005,Las Vegas,NV,2025-11-02
L0702,VIN00000000000702,Ford,F-150,2019,21746,29052,D013,Las Vegas,NV,2025-04-15
L0703,VIN00000000000703,BMW,Civic,2024,41202,100191,D001,Las Vegas,NV,2025-02-24
L0704,VIN00000000000704,Ford,Civic,2021,53970,25522,D006,Las Vegas,NV,2025-12-18
L0705,VIN00000000000705,Ford,Civic,2019,43684,22125,D016,Las Vegas,NV,2025-08-06
L0706,VIN00000000000706,BMW,Civic,2020,14640,97084,D014,Las Vegas,NV,2025-05-07
L0707,VIN00000000000707,Tesla,Model 3,2019,26581,85355,D008,Las Vegas,NV,2025-03-31
L0708,VIN00000000000708,Toyota,Model 3,2021,46976,46462,D002,Las Vegas,NV,2025-12-09
L0709,VIN00000000000709,BMW,Model 3,2023,23234,16470,D014,Las Vegas,NV,2025-09-17
L0710,VIN00000000000710,Tesla,F-150,2018,51840,24116,D020,Las Vegas,NV,2025-02-13
L0711,VIN00000000000711,Honda,Civic,2020,21807,119610,D020,Las Vegas,NV,2025-07-05
L0712,VIN00000000000712,Ford,F-150,2023,20288,34056,D022,Las Vegas,NV,2025-02-08
L0713,VIN00000000000713,BMW,Civic,2019,20984,71598,D011,Las Vegas,NV,2025-10-23
L0714,VIN00000000000714,Honda,Camry,2016,41456,112469,D006,Las Vegas,NV,2025-10-16
L0715,VIN00000000000715,Tesla,Camry,2020,29260,46999,D019,Las Vegas,NV,2025-10-02
L0716,VIN00000000000716,Honda,Model 3,2024,21514,105682,D016,Las Vegas,NV,2025-10-30
L0717,VIN00000000000717,Toyota,Civic,2021,21950,85683,D013,Las Vegas,NV,2025-06-17
L0718,VIN00000000000718,Tesla,330i,2024,14067,67775,D023,Las Vegas,NV,2026-01-26
L0719,VIN00000000000719,Ford,Camry,2016,30184,85045,D024,Las Vegas,NV,2025-07-16
L0720,VIN00000000000720,Tesla,Model 3,2021,27063,62476,D021,Las Vegas,NV,2025-11-10
L0721,VIN00000000000721,Honda,F-150,2021,19742,84910,D003,Las Vegas,NV,2025-11-27
L0722,VIN00000000000722,Toyota,Model 3,2023,17738,46687,D002,Las Vegas,NV,2025-05-20
L0723,VIN00000000000723,Toyota,Civic,2018,25410,111486,D007,Las Vegas,NV,2026-01-27
L0724,VIN00000000000724,Tesla,F-150,2022,46950,23103,D022,Las Vegas,NV,2025-09-28
L0725,VIN00000000000725,Honda,Model 3,2024,46364,67250,D006,Las Vegas,NV,2025-11-13
L0726,VIN00000000000726,Toyota,330i,2018,25347,46448,D022,Las Vegas,NV,2025-11-07
L0727,VIN00000000000727,Tesla,330i,2018,32547,24686,D011,Las Vegas,NV,2025-09-22
L0728,VIN00000000000728,Ford,F-150,2017,51423,99694,D012,Las Vegas,NV,2025-12-29
L0729,VIN00000000000729,Tesla,330i,2022,44659,103643,D003,Las Vegas,NV,2025-11-30
L0730,VIN00000000000730,Toyota,F-150,2022,21249,118454,D008,Las Vegas,NV,2025-12-12
L0731,VIN00000000000731,Ford,Civic,2020,39905,5131,D025,Las Vegas,NV,2025-05-19
L0732,VIN00000000000732,BMW,F-150,2024,36015,101245,D007,Las Vegas,NV,2025-02-13
L0733,VIN00000000000733,Honda,330i,2016,13219,6524,D017,Las Vegas,NV,2025-02-04
L0734,VIN00000000000734,Tesla,Model 3,2019,29324,39654,D014,Las Vegas,NV,2025-07-19
L0735,VIN00000000000735,Tesla,Camry,2017,31960,85509,D012,Las Vegas,NV,2025-03-20
L0736,VIN00000000000736,BMW,Civic,2024,30485,41880,D023,Las Vegas,NV,2025-10-30
L0737,VIN00000000000737,Ford,Camry,2017,47884,20456,D002,Las Vegas,NV,2025-02-28
L0738,VIN00000000000738,BMW,Civic,2022,27766,65369,D002,Las Vegas,NV,2025-09-11
L0739,VIN00000000000739,Toyota,Civic,2019,44700,115956,D022,Las Vegas,NV,2025-06-06
L0740,VIN00000000000740,Tesla,Camry,2017,24998,51910,D015,Las Vegas,NV,2025-06-11
L0741,VIN00000000000741,Toyota,Model 3,2024,34380,40237,D006,Las Vegas,NV,2025-09-05
L0742,VIN00000000000742,BMW,Model 3,2020,51637,55266,D005,Las Vegas,NV,2025-07-13
L0743,VIN00000000000743,Tesla,Civic,2020,44666,96630,D016,Las Vegas,NV,2025-07-12
L0744,VIN00000000000744,BMW,Camry,2016,54411,49685,D017,Las Vegas,NV,2025-03-19
L0745,VIN00000000000745,Tesla,Civic,2018,27783,18737,D018,Las Vegas,NV,2025-04-03
L0746,VIN00000000000746,BMW,F-150,2017,35134,21393,D019,Las Vegas,NV,2025-12-07
L0747,VIN00000000000747,Ford,F-150,2024,36948,62836,D012,Las Vegas,NV,2025-12-28
L0748,VIN00000000000748,Tesla,Civic,2024,16615,14379,D025,Las Vegas,NV,2025-03-15
L0749,VIN00000000000749,Toyota,F-150,2024,31667,45075,D019,Las Vegas,NV,2025-07-07
L0750,VIN00000000000750,Tesla,F-150,2019,35684,108871,D002,Las Vegas,NV,2025-02-10
L0751,VIN00000000000751,Toyota,Model 3,2021,48297,95018,D023,Las Vegas,NV,2025-05-06
L0752,VIN00000000000752,Toyota,Civic,2017,42296,98250,D007,Las Vegas,NV,2025-05-04
L0753,VIN00000000000753,Tesla,F-150,2018,51719,64075,D025,Las Vegas,NV,2025-10-04
L0754,VIN00000000000754,Ford,Model 3,2016,33435,114177,D004,Las Vegas,NV,2025-04-12
L0755,VIN00000000000755,BMW,Camry,2018,51383,114284,D017,Las Vegas,NV,2025-08-26
L0756,VIN00000000000756,BMW,F-150,2021,47080,29597,D005,Las Vegas,NV,2025-07-26
L0757,VIN00000000000757,Tesla,F-150,2021,53564,9010,D003,Las Vegas,NV,2025-03-02
L0758,VIN00000000000758,Honda,F-150,2017,22438,23506,D007,Las Vegas,NV,2025-09-10
L0759,VIN00000000000759,Honda,Camry,2022,45998,109219,D009,Las Vegas,NV,2025-05-04
L0760,VIN00000000000760,BMW,Model 3,2024,18373,71962,D015,Las Vegas,NV,2025-08-19
L0761,VIN00000000000761,Toyota,330i,2018,45219,23999,D021,Las Vegas,NV,2025-06-08
L0762,VIN00000000000762,BMW,Model 3,2019,40865,36793,D010,Las Vegas,NV,2025-12-25
L0763,VIN00000000000763,Honda,Civic,2023,19672,49819,D019,Las Vegas,NV,2025-07-04
L0764,VIN00000000000764,Ford,Camry,2020,43879,25837,D021,Las Vegas,NV,2025-08-27
L0765,VIN00000000000765,Honda,Camry,2023,15489,100663,D013,Las Vegas,NV,2025-05-14
L0766,VIN00000000000766,BMW,Civic,2021,22547,6173,D002,Las Vegas,NV,2025-05-13
L0767,VIN00000000000767,Honda,Camry,2017,44362,85436,D010,Las Vegas,NV,2025-06-19
L0768,VIN00000000000768,Toyota,Model 3,2022,39195,45770,D022,Las Vegas,NV,2025-08-13
L0769,VIN00000000000769,BMW,330i,2019,40018,116434,D021,Las Vegas,NV,2025-04-18
L0770,VIN00000000000770,BMW,330i,2017,29893,29664,D014,Las Vegas,NV,2025-11-26
L0771,VIN00000000000771,Tesla,Model 3,2020,52249,101043,D019,Las Vegas,NV,2026-01-17
L0772,VIN00000000000772,Tesla,Civic,2018,52291,48944,D019,Las Vegas,NV,2025-05-05
L0773,VIN00000000000773,Ford,Civic,2024,21630,98343,D003,Las Vegas,NV,2025-03-10
L0774,VIN00000000000774,Honda,Civic,2018,17992,113771,D023,Las Vegas,NV,2025-12-03
L0775,VIN00000000000775,Ford,Camry,2017,26444,67866,D023,Las Vegas,NV,2026-01-26
L0776,VIN00000000000776,Ford,Camry,2020,40623,58689,D010,Las Vegas,NV,2026-01-26
L0777,VIN00000000000777,Ford,F-150,2017,13432,83742,D005,Las Vegas,NV,2026-01-07
L0778,VIN00000000000778,BMW,Model 3,2018,51979,23205,D021,Las Vegas,NV,2025-11-14
L0779,VIN00000000000779,Toyota,Model 3,2018,21921,106261,D007,Las Vegas,NV,2025-04-15
L0780,VIN00000000000780,Ford,330i,2024,32556,45841,D023,Las Vegas,NV,2025-09-07
L0781,VIN00000000000781,BMW,Camry,2020,26773,38693,D016,Las Vegas,NV,2026-01-27
L0782,VIN00000000000782,Honda,Civic,2022,13821,18046,D020,Las Vegas,NV,2025-08-18
L0783,VIN00000000000783,Honda,Model 3,2021,42754,45462,D010,Las Vegas,NV,2025-03-09
L0784,VIN00000000000784,Ford,330i,2021,15475,47503,D011,Las Vegas,NV,2025-11-25
L0785,VIN00000000000785,Tesla,Camry,2017,40945,5760,D021,Las Vegas,NV,2025-12-18
L0786,VIN00000000000786,Ford,F-150,2020,31952,18035,D013,Las Vegas,NV,2025-05-31
L0787,VIN00000000000787,BMW,F-150,2020,41078,25623,D007,Las Vegas,NV,2025-02-13
L0788,VIN00000000000788,Honda,F-150,2023,25837,118039,D006,Las Vegas,NV,2025-05-17
L0789,VIN00000000000789,Ford,Camry,2018,29284,97813,D001,Las Vegas,NV,2025-11-01
L0790,VIN00000000000790,Toyota,Civic,2019,53246,12252,D005,Las Vegas,NV,2025-07-13
L0791,VIN00000000000791,Ford,Camry,2024,36348,106068,D004,Las Vegas,NV,2025-10-01
L0792,VIN00000000000792,Ford,F-150,2017,40192,15392,D003,Las Vegas,NV,2025-04-14
L0793,VIN00000000000793,Honda,Model 3,2021,28615,74160,D003,Las Vegas,NV,2025-08-12
L0794,VIN00000000000794,Ford,330i,2020,46636,22849,D003,Las Vegas,NV,2025-03-23
L0795,VIN00000000000795,Ford,Civic,2018,21236,70200,D007,Las Vegas,NV,2025-08-19
L0796,VIN00000000000796,Ford,Camry,2019,24413,106912,D013,Las Vegas,NV,2025-02-22
L0797,VIN00000000000797,Toyota,Civic,2016,38695,86324,D009,Las Vegas,NV,2025-12-03
L0798,VIN00000000000798,Honda,Civic,2019,51380,113608,D025,Las Vegas,NV,2025-12-31
L0799,VIN00000000000799,Tesla,330i,2022,33699,36358,D023,Las Vegas,NV,2025-11-28
L0800,VIN00000000000800,Honda,330i,2020,13109,100584,D002,Las Vegas,NV,2025-09-27
L0801,VIN00000000000801,Honda,Camry,2023,41804,74615,D016,Las Vegas,NV,2025-10-15
L0802,VIN00000000000802,Honda,Civic,2022,46682,112626,D023,Las Vegas,NV,2025-05-11
L0803,VIN00000000000803,BMW,Model 3,2016,30409,116756,D021,Las Vegas,NV,2025-05-14
L0804,VIN00000000000804,BMW,F-150,2022,18947,52280,D012,Las Vegas,NV,2025-10-09
L0805,VIN00000000000805,Toyota,F-150,2020,54369,46661,D002,Las Vegas,NV,2025-12-11
L0806,VIN00000000000806,Ford,Camry,2024,46792,58539,D018,Las Vegas,NV,2025-08-31
L0807,VIN00000000000807,BMW,F-150,2020,21172,62433,D001,Las Vegas,NV,2025-04-03
L0808,VIN00000000000808,BMW,Camry,2017,39081,58660,D009,Las Vegas,NV,2025-09-06
L0809,VIN00000000000809,Toyota,330i,2019,38041,19140,D021,Las Vegas,NV,2025-06-07
L0810,VIN00000000000810,Ford,Civic,2017,32534,97424,D020,Las Vegas,NV,2025-03-12
L0811,VIN00000000000811,Ford,Model 3,2018,38650,52049,D012,Las Vegas,NV,2025-09-18
L0812,VIN00000000000812,Ford,Model 3,2023,31614,84577,D016,Las Vegas,NV,2025-03-01
L0813,VIN00000000000813,Tesla,Model 3,2023,29719,75143,D015,Las Vegas,NV,2025-06-27
L0814,VIN00000000000814,BMW,F-150,2023,25522,8272,D025,Las Vegas,NV,2025-06-17
L0815,VIN00000000000815,Toyota,Model 3,2023,39677,33518,D016,Las Vegas,NV,2025-11-09
L0816,VIN00000000000816,Honda,Camry,2019,25895,77875,D014,Las Vegas,NV,2025-06-22
L0817,VIN00000000000817,Honda,Civic,2024,20621,24899,D005,Las Vegas,NV,2025-08-28
L0818,VIN00000000000818,Tesla,Civic,2022,50244,8009,D002,Las Vegas,NV,2025-12-04
L0819,VIN00000000000819,Tesla,Model 3,2023,26185,50288,D015,Las Vegas,NV,2025-11-07
L0820,VIN00000000000820,Tesla,Model 3,2020,34893,55041,D004,Las Vegas,NV,2025-11-08
L0821,VIN00000000000821,Toyota,Camry,2024,18213,117677,D025,Las Vegas,NV,2025-06-14
L0822,VIN00000000000822,Tesla,Civic,2024,48958,39885,D013,Las Vegas,NV,2025-04-02
L0823,VIN00000000000823,Ford,Model 3,2017,40766,90066,D013,Las Vegas,NV,2025-10-20
L0824,VIN00000000000824,Ford,330i,2021,32977,10464,D013,Las Vegas,NV,2025-02-26
L0825,VIN00000000000825,Tesla,F-150,2023,42341,33389,D023,Las Vegas,NV,2025-08-04
L0826,VIN00000000000826,Tesla,F-150,2020,44549,98359,D021,Las Vegas,NV,2025-03-15
L0827,VIN00000000000827,Ford,Camry,2020,34597,100222,D023,Las Vegas,NV,2025-12-04
L0828,VIN00000000000828,Honda,Camry,2022,21112,96300,D002,Las Vegas,NV,2025-10-31
L0829,VIN00000000000829,Toyota,Model 3,2024,23376,29235,D020,Las Vegas,NV,2025-12-23
L0830,VIN00000000000830,Tesla,F-150,2018,18476,75778,D023,Las Vegas,NV,2025-03-11
L0831,VIN00000000000831,Tesla,Camry,2017,53791,16233,D019,Las Vegas,NV,2025-07-18
L0832,VIN00000000000832,Honda,F-150,2019,30789,48959,D016,Las Vegas,NV,2025-04-23
L0833,VIN00000000000833,Toyota,330i,2016,48878,113282,D005,Las Vegas,NV,2025-02-16
L0834,VIN00000000000834,Ford,Civic,2024,50519,55857,D007,Las Vegas,NV,2025-12-23
L0835,VIN00000000000835,BMW,F-150,2022,33377,42125,D016,Las Vegas,NV,2025-06-16
L0836,VIN00000000000836,Tesla,Civic,2019,48568,24593,D013,Las Vegas,NV,2025-02-23
L0837,VIN00000000000837,Toyota,Camry,2021,27758,13406,D020,Las Vegas,NV,2025-06-21
L0838,VIN00000000000838,Toyota,330i,2020,45303,90195,D003,Las Vegas,NV,2025-04-19
L0839,VIN00000000000839,Toyota,F-150,2021,20963,13532,D004,Las Vegas,NV,2025-03-28
L0840,VIN00000000000840,Tesla,330i,2019,49264,114924,D011,Las Vegas,NV,2025-06-19
L0841,VIN00000000000841,Tesla,Civic,2023,26062,91047,D007,Las Vegas,NV,2025-03-28
L0842,VIN00000000000842,Toyota,F-150,2021,15724,63197,D004,Las Vegas,NV,2025-08-21
L0843,VIN00000000000843,BMW,Civic,2024,16394,27062,D010,Las Vegas,NV,2025-06-24
L0844,VIN00000000000844,Toyota,F-150,2018,42607,66947,D001,Las Vegas,NV,2025-12-13
L0845,VIN00000000000845,Tesla,Civic,2018,30235,31363,D014,Las Vegas,NV,2025-09-14
L0846,VIN00000000000846,Tesla,330i,2016,28901,32034,D007,Las Vegas,NV,2025-11-14
L0847,VIN00000000000847,BMW,Model 3,2021,14984,79450,D014,Las Vegas,NV,2025-08-29
L0848,VIN00000000000848,BMW,Model 3,2022,29014,18506,D004,Las Vegas,NV,2025-06-03
L0849,VIN00000000000849,Toyota,Camry,2020,22681,85021,D018,Las Vegas,NV,2025-05-28
L0850,VIN00000000000850,Honda,Model 3,2020,12975,84792,D024,Las Vegas,NV,2025-07-21
L0851,VIN00000000000851,Honda,Civic,2022,22093,82632,D009,Las Vegas,NV,2025-11-04
L0852,VIN00000000000852,Honda,Civic,2016,28452,31957,D004,Las Vegas,NV,2025-03-17
L0853,VIN00000000000853,Honda,Camry,2019,28377,25134,D024,Las Vegas,NV,2025-05-25
L0854,VIN00000000000854,Toyota,F-150,2019,15113,64823,D009,Las Vegas,NV,2025-03-11
L0855,VIN00000000000855,Honda,F-150,2022,42741,68395,D006,Las Vegas,NV,2025-03-17
L0856,VIN00000000000856,Honda,Camry,2018,46570,95445,D011,Las Vegas,NV,2025-05-16
L0857,VIN00000000000857,Honda,330i,2020,25278,68390,D024,Las Vegas,NV,2026-01-22
L0858,VIN00000000000858,Tesla,Camry,2017,40946,9824,D014,Las Vegas,NV,2025-07-04
L0859,VIN00000000000859,Toyota,330i,2023,44284,109384,D005,Las Vegas,NV,2025-12-11
L0860,VIN00000000000860,Toyota,Model 3,2018,39529,16990,D020,Las Vegas,NV,2025-10-20
L0861,VIN00000000000861,Honda,Model 3,2021,47929,100109,D019,Las Vegas,NV,2026-01-08
L0862,VIN00000000000862,Honda,Civic,2021,21607,72204,D021,Las Vegas,NV,2025-02-04
L0863,VIN00000000000863,Toyota,Camry,2023,34626,95950,D020,Las Vegas,NV,2025-08-11
L0864,VIN00000000000864,Toyota,Civic,2019,22363,98075,D008,Las Vegas,NV,2025-07-24
L0865,VIN00000000000865,Honda,330i,2024,27382,64631,D004,Las Vegas,NV,2025-05-25
L0866,VIN00000000000866,Ford,330i,2024,43502,88974,D013,Las Vegas,NV,2025-07-05
L0867,VIN00000000000867,Honda,F-150,2020,22082,83430,D018,Las Vegas,NV,2025-05-04
L0868,VIN00000000000868,BMW,Civic,2019,47461,29188,D023,Las Vegas,NV,2025-10-26
L0869,VIN00000000000869,BMW,Camry,2022,53500,79462,D022,Las Vegas,NV,2025-03-24
L0870,VIN00000000000870,BMW,Model 3,2016,35430,110715,D025,Las Vegas,NV,2025-02-08
L0871,VIN00000000000871,BMW,330i,2016,22563,53555,D022,Las Vegas,NV,2025-03-23
L0872,VIN00000000000872,Ford,Model 3,2017,44012,42007,D011,Las Vegas,NV,2025-05-10
L0873,VIN00000000000873,Honda,F-150,2022,53563,20119,D022,Las Vegas,NV,2026-01-06
L0874,VIN00000000000874,Tesla,Model 3,2020,14618,50300,D012,Las Vegas,NV,2025-05-30
L0875,VIN00000000000875,Honda,Civic,2020,41624,78413,D006,Las Vegas,NV,2025-03-15
L0876,VIN00000000000876,BMW,Camry,2024,12289,100415,D023,Las Vegas,NV,2025-11-11
L0877,VIN00000000000877,Toyota,Civic,2017,47473,104483,D021,Las Vegas,NV,2025-10-18
L0878,VIN00000000000878,Toyota,F-150,2023,49634,37118,D019,Las Vegas,NV,2025-11-15
L0879,VIN00000000000879,Tesla,Civic,2019,51144,99202,D010,Las Vegas,NV,2025-11-17
L0880,VIN00000000000880,Honda,Camry,2018,36458,29432,D001,Las Vegas,NV,2025-11-01
L0881,VIN00000000000881,Honda,Camry,2019,26763,105073,D010,Las Vegas,NV,2025-08-27
L0882,VIN00000000000882,BMW,330i,2021,54031,76093,D010,Las Vegas,NV,2025-04-13
L0883,VIN00000000000883,Honda,Model 3,2022,36976,10733,D005,Las Vegas,NV,2025-09-05
L0884,VIN00000000000884,Ford,330i,2018,47673,74458,D001,Las Vegas,NV,2025-06-18
L0885,VIN00000000000885,Tesla,Civic,2023,26670,22092,D025,Las Vegas,NV,2025-06-22
L0886,VIN00000000000886,Ford,Camry,2018,50003,59118,D016,Las Vegas,NV,2026-01-15
L0887,VIN00000000000887,Honda,Camry,2017,46643,22500,D016,Las Vegas,NV,2025-12-07
L0888,VIN00000000000888,Honda,Civic,2020,41299,35269,D025,Las Vegas,NV,2025-07-24
L0889,VIN00000000000889,BMW,Model 3,2020,25948,25392,D021,Las Vegas,NV,2025-05-04
L0890,VIN00000000000890,Toyota,Camry,2024,37170,21869,D024,Las Vegas,NV,2025-12-29
L0891,VIN00000000000891,Honda,330i,2019,34007,24080,D005,Las Vegas,NV,2025-10-03
L0892,VIN00000000000892,Tesla,Civic,2018,40738,58394,D005,Las Vegas,NV,2025-11-04
L0893,VIN00000000000893,Tesla,Camry,2023,18501,116271,D015,Las Vegas,NV,2025-05-06
L0894,VIN00000000000894,Tesla,Civic,2017,45819,39150,D013,Las Vegas,NV,2025-12-12
L0895,VIN00000000000895,Tesla,330i,2021,19505,94348,D020,Las Vegas,NV,2025-12-14
L0896,VIN00000000000896,BMW,F-150,2021,13397,28788,D024,Las Vegas,NV,2025-12-25
L0897,VIN00000000000897,Tesla,Model 3,2023,32935,21285,D023,Las Vegas,NV,2025-03-01
L0898,VIN00000000000898,BMW,Model 3,2019,40619,34922,D012,Las Vegas,NV,2026-01-19
L0899,VIN00000000000899,BMW,Civic,2016,24668,103559,D023,Las Vegas,NV,2025-07-12
L0900,VIN00000000000900,Honda,F-150,2016,14376,88223,D009,Las Vegas,NV,2025-10-24
L0901,VIN00000000000901,Tesla,F-150,2021,45788,110514,D025,Las Vegas,NV,2025-08-04
L0902,VIN00000000000902,Tesla,F-150,2017,12527,115734,D004,Las Vegas,NV,2025-10-02
L0903,VIN00000000000903,Toyota,Model 3,2021,39227,38514,D010,Las Vegas,NV,2025-09-08
L0904,VIN00000000000904,BMW,330i,2021,23635,58083,D013,Las Vegas,NV,2025-07-26
L0905,VIN00000000000905,BMW,Camry,2017,32319,59194,D008,Las Vegas,NV,2025-10-05
L0906,VIN00000000000906,Tesla,Camry,2016,28285,98255,D002,Las Vegas,NV,2025-11-27
L0907,VIN00000000000907,Ford,Civic,2022,21379,15459,D020,Las Vegas,NV,2025-02-04
L0908,VIN00000000000908,Ford,330i,2019,53614,111872,D013,Las Vegas,NV,2025-04-07
L0909,VIN00000000000909,Toyota,F-150,2018,20719,23602,D011,Las Vegas,NV,2025-03-13
L0910,VIN00000000000910,Tesla,Model 3,2019,45875,58633,D017,Las Vegas,NV,2025-11-29
L0911,VIN00000000000911,Tesla,Model 3,2022,27030,105449,D003,Las Vegas,NV,2025-03-16
L0912,VIN00000000000912,Ford,Camry,2021,25963,77102,D009,Las Vegas,NV,2025-07-24
L0913,VIN00000000000913,Toyota,Camry,2018,27335,36043,D016,Las Vegas,NV,2025-03-30
L0914,VIN00000000000914,Toyota,Model 3,2022,42058,66647,D008,Las Vegas,NV,2025-06-12
L0915,VIN00000000000915,Honda,330i,2020,40937,105890,D013,Las Vegas,NV,2025-04-04
L0916,VIN00000000000916,Honda,F-150,2019,27763,72782,D024,Las Vegas,NV,2025-07-14
L0917,VIN00000000000917,Tesla,Model 3,2021,44449,69885,D010,Las Vegas,NV,2025-12-07
L0918,VIN00000000000918,Tesla,330i,2023,14215,77210,D025,Las Vegas,NV,2025-08-20
L0919,VIN00000000000919,Ford,Model 3,2017,12798,51858,D009,Las Vegas,NV,2026-01-15
L0920,VIN00000000000920,Ford,Model 3,2019,36199,89978,D016,Las Vegas,NV,2025-06-29
L0921,VIN00000000000921,Honda,F-150,2018,35672,35664,D008,Las Vegas,NV,2025-12-02
L0922,VIN00000000000922,Toyota,330i,2022,52207,27644,D003,Las Vegas,NV,2026-01-08
L0923,VIN00000000000923,Honda,Camry,2024,44584,46676,D023,Las Vegas,NV,2025-05-15
L0924,VIN00000000000924,Honda,Model 3,2017,47904,78733,D014,Las Vegas,NV,2025-04-03
L0925,VIN00000000000925,BMW,F-150,2023,23585,20820,D002,Las Vegas,NV,2025-06-11
L0926,VIN00000000000926,Tesla,330i,2017,19407,97712,D005,Las Vegas,NV,2025-06-23
L0927,VIN00000000000927,Toyota,F-150,2018,26000,96109,D003,Las Vegas,NV,2025-03-28
L0928,VIN00000000000928,Ford,330i,2017,44757,118610,D013,Las Vegas,NV,2025-10-02
L0929,VIN00000000000929,Ford,330i,2020,38560,71107,D006,Las Vegas,NV,2025-10-02
L0930,VIN00000000000930,BMW,330i,2021,23675,63793,D006,Las Vegas,NV,2025-10-04
L0931,VIN00000000000931,BMW,Civic,2020,21246,112290,D001,Las Vegas,NV,2026-01-30
L0932,VIN00000000000932,Tesla,F-150,2017,32300,79782,D017,Las Vegas,NV,2025-12-28
L0933,VIN00000000000933,BMW,Model 3,2018,25130,55235,D023,Las Vegas,NV,2026-01-21
L0934,VIN00000000000934,Ford,Model 3,2019,25393,77263,D025,Las Vegas,NV,2025-11-27
L0935,VIN00000000000935,BMW,F-150,2022,51325,62981,D018,Las Vegas,NV,2025-02-02
L0936,VIN00000000000936,Toyota,Model 3,2024,17347,16334,D024,Las Vegas,NV,2025-04-14
L0937,VIN00000000000937,Ford,Civic,2020,26696,76182,D008,Las Vegas,NV,2025-10-23
L0938,VIN00000000000938,Honda,330i,2022,50304,113495,D010,Las Vegas,NV,2026-01-19
L0939,VIN00000000000939,Tesla,Camry,2023,49492,101353,D008,Las Vegas,NV,2025-09-07
L0940,VIN00000000000940,Tesla,330i,2023,47866,70271,D002,Las Vegas,NV,2025-06-16
L0941,VIN00000000000941,Ford,Camry,2018,52315,22937,D014,Las Vegas,NV,2025-04-17
L0942,VIN00000000000942,Ford,Camry,2019,21825,30541,D001,Las Vegas,NV,2025-06-15
L0943,VIN00000000000943,Toyota,Camry,2018,26436,5664,D017,Las Vegas,NV,2025-11-07
L0944,VIN00000000000944,Tesla,Model 3,2016,27957,98866,D014,Las Vegas,NV,2025-02-22
L0945,VIN00000000000945,Tesla,Civic,2023,47228,91066,D021,Las Vegas,NV,2025-09-23
L0946,VIN00000000000946,Honda,Model 3,2023,36259,83580,D017,Las Vegas,NV,2025-09-13
L0947,VIN00000000000947,BMW,F-150,2017,38454,38022,D010,Las Vegas,NV,2025-03-09
L0948,VIN00000000000948,Honda,330i,2021,29229,50187,D025,Las Vegas,NV,2025-10-26
L0949,VIN00000000000949,Ford,Civic,2017,16843,114089,D020,Las Vegas,NV,2025-08-13
L0950,VIN00000000000950,BMW,Camry,2018,40929,23442,D010,Las Vegas,NV,2025-05-30
L0951,VIN00000000000951,Honda,Civic,2023,21778,47984,D013,Las Vegas,NV,2025-07-20
L0952,VIN00000000000952,Ford,Civic,2017,44462,52949,D014,Las Vegas,NV,2025-09-17
L0953,VIN00000000000953,Tesla,Model 3,2017,38719,29686,D002,Las Vegas,NV,2025-04-29
L0954,VIN00000000000954,BMW,Civic,2021,15811,105175,D002,Las Vegas,NV,2026-01-11
L0955,VIN00000000000955,Ford,Camry,2017,32497,27529,D005,Las Vegas,NV,2025-12-01
L0956,VIN00000000000956,Honda,Model 3,2021,40178,37250,D009,Las Vegas,NV,2025-12-21
L0957,VIN00000000000957,Honda,330i,2019,12833,20758,D024,Las Vegas,NV,2025-09-02
L0958,VIN00000000000958,Tesla,F-150,2021,24167,60447,D001,Las Vegas,NV,2025-03-15
L0959,VIN00000000000959,Ford,330i,2020,27133,13308,D011,Las Vegas,NV,2025-12-15
L0960,VIN00000000000960,BMW,Model 3,2018,53622,113216,D015,Las Vegas,NV,2025-11-30
L0961,VIN00000000000961,Tesla,Model 3,2018,39804,97637,D006,Las Vegas,NV,2025-09-21
L0962,VIN00000000000962,Honda,Camry,2020,12405,15271,D014,Las Vegas,NV,2025-08-20
L0963,VIN00000000000963,Tesla,Camry,2024,33567,78274,D004,Las Vegas,NV,2025-10-31
L0964,VIN00000000000964,Toyota,Model 3,2023,22179,114105,D025,Las Vegas,NV,2026-01-28
L0965,VIN00000000000965,Ford,Camry,2022,44782,20370,D024,Las Vegas,NV,2026-01-19
L0966,VIN00000000000966,BMW,Model 3,2020,30561,57328,D021,Las Vegas,NV,2025-08-09
L0967,VIN00000000000967,Honda,Model 3,2019,27202,119141,D015,Las Vegas,NV,2025-08-31
L0968,VIN00000000000968,BMW,Civic,2020,14293,22924,D017,Las Vegas,NV,2025-08-25
L0969,VIN00000000000969,Honda,Civic,2016,43767,69915,D006,Las Vegas,NV,2025-05-22
L0970,VIN00000000000970,Ford,F-150,2021,54008,116266,D020,Las Vegas,NV,2025-11-01
L0971,VIN00000000000971,Toyota,330i,2016,38694,18049,D014,Las Vegas,NV,2025-02-24
L0972,VIN00000000000972,Ford,Model 3,2018,23809,101412,D004,Las Vegas,NV,2025-10-13
L0973,VIN00000000000973,Tesla,F-150,2021,39316,82493,D003,Las Vegas,NV,2025-08-05
L0974,VIN00000000000974,BMW,330i,2020,38470,81652,D014,Las Vegas,NV,2025-08-08
L0975,VIN00000000000975,Honda,Civic,2019,26254,49782,D017,Las Vegas,NV,2026-01-06
L0976,VIN00000000000976,Honda,Civic,2016,42691,8139,D002,Las Vegas,NV,2025-11-23
L0977,VIN00000000000977,Toyota,Camry,2019,41418,13847,D005,Las Vegas,NV,2025-08-22
L0978,VIN00000000000978,Tesla,330i,2024,43060,68492,D018,Las Vegas,NV,2025-05-01
L0979,VIN00000000000979,Ford,Camry,2019,18565,100689,D023,Las Vegas,NV,2025-11-30
L0980,VIN00000000000980,Ford,Camry,2016,52667,74476,D017,Las Vegas,NV,2025-12-04
L0981,VIN00000000000981,Toyota,330i,2024,12146,52693,D001,Las Vegas,NV,2025-08-11
L0982,VIN00000000000982,Ford,Civic,2017,37754,67074,D025,Las Vegas,NV,2025-02-18
L0983,VIN00000000000983,BMW,Civic,2017,36331,5193,D019,Las Vegas,NV,2025-05-14
L0984,VIN00000000000984,Ford,Camry,2017,13027,28179,D002,Las Vegas,NV,2026-01-04
L0985,VIN00000000000985,Ford,Civic,2021,52028,92310,D013,Las Vegas,NV,2025-11-29
L0986,VIN00000000000986,Tesla,Civic,2017,24748,52640,D023,Las Vegas,NV,2026-01-22
L0987,VIN00000000000987,Ford,F-150,2022,36730,39515,D016,Las Vegas,NV,2025-11-08
L0988,VIN00000000000988,Tesla,F-150,2022,41350,25556,D011,Las Vegas,NV,2025-09-05
L0989,VIN00000000000989,Tesla,Camry,2024,52488,33933,D006,Las Vegas,NV,2025-03-06
L0990,VIN00000000000990,BMW,330i,2017,13488,13383,D014,Las Vegas,NV,2025-02-01
L0991,VIN00000000000991,Ford,330i,2022,36520,34924,D005,Las Vegas,NV,2025-04-10
L0992,VIN00000000000992,BMW,F-150,2016,42575,107149,D017,Las Vegas,NV,2025-03-21
L0993,VIN00000000000993,BMW,Civic,2024,39196,20207,D011,Las Vegas,NV,2025-10-27
L0994,VIN00000000000994,Honda,Camry,2017,53884,81111,D005,Las Vegas,NV,2025-02-19
L0995,VIN00000000000995,Honda,Civic,2016,43137,27101,D013,Las Vegas,NV,2025-05-02
L0996,VIN00000000000996,Ford,330i,2017,41820,20476,D008,Las Vegas,NV,2025-04-17
L0997,VIN00000000000997,Tesla,Civic,2019,26980,93334,D013,Las Vegas,NV,2025-09-11
L0998,VIN00000000000998,BMW,Camry,2020,16106,32002,D016,Las Vegas,NV,2025-08-14
L0999,VIN00000000000999,Honda,Camry,2022,37346,30198,D015,Las Vegas,NV,2025-07-26
L1000,VIN00000000001000,Honda,Civic,2016,50964,18042,D021,Las Vegas,NV,2025-06-12
